window,model,fold,feature,coefficient
early (-600 to -300 ms),baseline,1,baseline_0,0.0617295578122139
early (-600 to -300 ms),baseline,1,baseline_1,-0.024281766265630722
early (-600 to -300 ms),baseline,1,baseline_2,-0.03790966048836708
early (-600 to -300 ms),baseline,1,baseline_3,0.010262759402394295
early (-600 to -300 ms),baseline,1,baseline_4,0.02765076421201229
early (-600 to -300 ms),baseline,2,baseline_0,0.06324616074562073
early (-600 to -300 ms),baseline,2,baseline_1,-0.030450468882918358
early (-600 to -300 ms),baseline,2,baseline_2,-0.04172833263874054
early (-600 to -300 ms),baseline,2,baseline_3,0.0073680756613612175
early (-600 to -300 ms),baseline,2,baseline_4,0.021540755406022072
early (-600 to -300 ms),baseline,3,baseline_0,0.057623762637376785
early (-600 to -300 ms),baseline,3,baseline_1,-0.029849091544747353
early (-600 to -300 ms),baseline,3,baseline_2,-0.03982638567686081
early (-600 to -300 ms),baseline,3,baseline_3,0.008424388244748116
early (-600 to -300 ms),baseline,3,baseline_4,0.02450511045753956
early (-600 to -300 ms),baseline,4,baseline_0,0.0588718019425869
early (-600 to -300 ms),baseline,4,baseline_1,-0.027555063366889954
early (-600 to -300 ms),baseline,4,baseline_2,-0.03795412927865982
early (-600 to -300 ms),baseline,4,baseline_3,0.010856512933969498
early (-600 to -300 ms),baseline,4,baseline_4,0.02143324539065361
early (-600 to -300 ms),baseline,5,baseline_0,0.06339418143033981
early (-600 to -300 ms),baseline,5,baseline_1,-0.028032254427671432
early (-600 to -300 ms),baseline,5,baseline_2,-0.034060049802064896
early (-600 to -300 ms),baseline,5,baseline_3,0.011928974650800228
early (-600 to -300 ms),baseline,5,baseline_4,0.02484026737511158
early (-600 to -300 ms),z-only,1,z1_mean,-0.07025618851184845
early (-600 to -300 ms),z-only,1,z2_mean,-0.07100962102413177
early (-600 to -300 ms),z-only,1,z3_mean,6.797630339860916e-05
early (-600 to -300 ms),z-only,1,z4_mean,-0.09966852515935898
early (-600 to -300 ms),z-only,1,z5_mean,0.10132631659507751
early (-600 to -300 ms),z-only,2,z1_mean,-0.06470276415348053
early (-600 to -300 ms),z-only,2,z2_mean,-0.07098858058452606
early (-600 to -300 ms),z-only,2,z3_mean,-0.002635427750647068
early (-600 to -300 ms),z-only,2,z4_mean,-0.10510657727718353
early (-600 to -300 ms),z-only,2,z5_mean,0.10525772720575333
early (-600 to -300 ms),z-only,3,z1_mean,-0.05220777541399002
early (-600 to -300 ms),z-only,3,z2_mean,-0.0692560225725174
early (-600 to -300 ms),z-only,3,z3_mean,-0.003347371704876423
early (-600 to -300 ms),z-only,3,z4_mean,-0.08952515572309494
early (-600 to -300 ms),z-only,3,z5_mean,0.09074291586875916
early (-600 to -300 ms),z-only,4,z1_mean,-0.05858892947435379
early (-600 to -300 ms),z-only,4,z2_mean,-0.071244016289711
early (-600 to -300 ms),z-only,4,z3_mean,-0.0036578429862856865
early (-600 to -300 ms),z-only,4,z4_mean,-0.10145336389541626
early (-600 to -300 ms),z-only,4,z5_mean,0.09929539263248444
early (-600 to -300 ms),z-only,5,z1_mean,-0.09676691889762878
early (-600 to -300 ms),z-only,5,z2_mean,-0.09022646397352219
early (-600 to -300 ms),z-only,5,z3_mean,0.017531560733914375
early (-600 to -300 ms),z-only,5,z4_mean,-0.1594759225845337
early (-600 to -300 ms),z-only,5,z5_mean,0.15077653527259827
early (-600 to -300 ms),baseline+z,1,baseline_0,0.059602703899145126
early (-600 to -300 ms),baseline+z,1,baseline_1,-0.023493437096476555
early (-600 to -300 ms),baseline+z,1,baseline_2,-0.03756114840507507
early (-600 to -300 ms),baseline+z,1,baseline_3,0.009568228386342525
early (-600 to -300 ms),baseline+z,1,baseline_4,0.026371143758296967
early (-600 to -300 ms),baseline+z,1,z1_mean,-0.05599246174097061
early (-600 to -300 ms),baseline+z,1,z2_mean,-0.06148936599493027
early (-600 to -300 ms),baseline+z,1,z3_mean,0.000169362872838974
early (-600 to -300 ms),baseline+z,1,z4_mean,-0.08298344165086746
early (-600 to -300 ms),baseline+z,1,z5_mean,0.08354578912258148
early (-600 to -300 ms),baseline+z,2,baseline_0,0.06001102179288864
early (-600 to -300 ms),baseline+z,2,baseline_1,-0.028681475669145584
early (-600 to -300 ms),baseline+z,2,baseline_2,-0.04021250456571579
early (-600 to -300 ms),baseline+z,2,baseline_3,0.0068641407415270805
early (-600 to -300 ms),baseline+z,2,baseline_4,0.021083887666463852
early (-600 to -300 ms),baseline+z,2,z1_mean,-0.05019231513142586
early (-600 to -300 ms),baseline+z,2,z2_mean,-0.061755917966365814
early (-600 to -300 ms),baseline+z,2,z3_mean,-0.004749022424221039
early (-600 to -300 ms),baseline+z,2,z4_mean,-0.08751165866851807
early (-600 to -300 ms),baseline+z,2,z5_mean,0.08860941976308823
early (-600 to -300 ms),baseline+z,3,baseline_0,0.056700751185417175
early (-600 to -300 ms),baseline+z,3,baseline_1,-0.0284426212310791
early (-600 to -300 ms),baseline+z,3,baseline_2,-0.038648124784231186
early (-600 to -300 ms),baseline+z,3,baseline_3,0.008374925702810287
early (-600 to -300 ms),baseline+z,3,baseline_4,0.02362746000289917
early (-600 to -300 ms),baseline+z,3,z1_mean,-0.03680016100406647
early (-600 to -300 ms),baseline+z,3,z2_mean,-0.059951506555080414
early (-600 to -300 ms),baseline+z,3,z3_mean,-0.005068089812994003
early (-600 to -300 ms),baseline+z,3,z4_mean,-0.07262019068002701
early (-600 to -300 ms),baseline+z,3,z5_mean,0.07355576008558273
early (-600 to -300 ms),baseline+z,4,baseline_0,0.05567212402820587
early (-600 to -300 ms),baseline+z,4,baseline_1,-0.025895865634083748
early (-600 to -300 ms),baseline+z,4,baseline_2,-0.036761097609996796
early (-600 to -300 ms),baseline+z,4,baseline_3,0.009274070151150227
early (-600 to -300 ms),baseline+z,4,baseline_4,0.020671766251325607
early (-600 to -300 ms),baseline+z,4,z1_mean,-0.04211389273405075
early (-600 to -300 ms),baseline+z,4,z2_mean,-0.06021486967802048
early (-600 to -300 ms),baseline+z,4,z3_mean,-0.006270099431276321
early (-600 to -300 ms),baseline+z,4,z4_mean,-0.08233754336833954
early (-600 to -300 ms),baseline+z,4,z5_mean,0.0802345722913742
early (-600 to -300 ms),baseline+z,5,baseline_0,0.061607588082551956
early (-600 to -300 ms),baseline+z,5,baseline_1,-0.026797279715538025
early (-600 to -300 ms),baseline+z,5,baseline_2,-0.03293869271874428
early (-600 to -300 ms),baseline+z,5,baseline_3,0.012231019325554371
early (-600 to -300 ms),baseline+z,5,baseline_4,0.023773305118083954
early (-600 to -300 ms),baseline+z,5,z1_mean,-0.08629141747951508
early (-600 to -300 ms),baseline+z,5,z2_mean,-0.08374688029289246
early (-600 to -300 ms),baseline+z,5,z3_mean,0.018304012715816498
early (-600 to -300 ms),baseline+z,5,z4_mean,-0.1472884863615036
early (-600 to -300 ms),baseline+z,5,z5_mean,0.13959693908691406
early (-600 to -300 ms),baseline+shuffled-z,1,baseline_0,0.060604799538850784
early (-600 to -300 ms),baseline+shuffled-z,1,baseline_1,-0.024008816108107567
early (-600 to -300 ms),baseline+shuffled-z,1,baseline_2,-0.037129007279872894
early (-600 to -300 ms),baseline+shuffled-z,1,baseline_3,0.010424325242638588
early (-600 to -300 ms),baseline+shuffled-z,1,baseline_4,0.027489304542541504
early (-600 to -300 ms),baseline+shuffled-z,1,shuffled_z1_mean,-0.0066552069038152695
early (-600 to -300 ms),baseline+shuffled-z,1,shuffled_z2_mean,-0.0012102141045033932
early (-600 to -300 ms),baseline+shuffled-z,1,shuffled_z3_mean,0.008188446052372456
early (-600 to -300 ms),baseline+shuffled-z,1,shuffled_z4_mean,-0.0026262064930051565
early (-600 to -300 ms),baseline+shuffled-z,1,shuffled_z5_mean,-0.005500409752130508
early (-600 to -300 ms),baseline+shuffled-z,2,baseline_0,0.0618770606815815
early (-600 to -300 ms),baseline+shuffled-z,2,baseline_1,-0.03003973700106144
early (-600 to -300 ms),baseline+shuffled-z,2,baseline_2,-0.040715157985687256
early (-600 to -300 ms),baseline+shuffled-z,2,baseline_3,0.007824396714568138
early (-600 to -300 ms),baseline+shuffled-z,2,baseline_4,0.021706365048885345
early (-600 to -300 ms),baseline+shuffled-z,2,shuffled_z1_mean,-0.009732190519571304
early (-600 to -300 ms),baseline+shuffled-z,2,shuffled_z2_mean,0.002855529310181737
early (-600 to -300 ms),baseline+shuffled-z,2,shuffled_z3_mean,0.010493182577192783
early (-600 to -300 ms),baseline+shuffled-z,2,shuffled_z4_mean,-0.004293895326554775
early (-600 to -300 ms),baseline+shuffled-z,2,shuffled_z5_mean,-0.008079564198851585
early (-600 to -300 ms),baseline+shuffled-z,3,baseline_0,0.05679403245449066
early (-600 to -300 ms),baseline+shuffled-z,3,baseline_1,-0.029496269300580025
early (-600 to -300 ms),baseline+shuffled-z,3,baseline_2,-0.03914014250040054
early (-600 to -300 ms),baseline+shuffled-z,3,baseline_3,0.008628617972135544
early (-600 to -300 ms),baseline+shuffled-z,3,baseline_4,0.02455102652311325
early (-600 to -300 ms),baseline+shuffled-z,3,shuffled_z1_mean,-0.007805579341948032
early (-600 to -300 ms),baseline+shuffled-z,3,shuffled_z2_mean,-0.0020604878664016724
early (-600 to -300 ms),baseline+shuffled-z,3,shuffled_z3_mean,0.007847599685192108
early (-600 to -300 ms),baseline+shuffled-z,3,shuffled_z4_mean,-0.004349124617874622
early (-600 to -300 ms),baseline+shuffled-z,3,shuffled_z5_mean,0.00014791078865528107
early (-600 to -300 ms),baseline+shuffled-z,4,baseline_0,0.058031611144542694
early (-600 to -300 ms),baseline+shuffled-z,4,baseline_1,-0.02724948152899742
early (-600 to -300 ms),baseline+shuffled-z,4,baseline_2,-0.037278540432453156
early (-600 to -300 ms),baseline+shuffled-z,4,baseline_3,0.010994445532560349
early (-600 to -300 ms),baseline+shuffled-z,4,baseline_4,0.021380281075835228
early (-600 to -300 ms),baseline+shuffled-z,4,shuffled_z1_mean,-0.009287561289966106
early (-600 to -300 ms),baseline+shuffled-z,4,shuffled_z2_mean,-0.0009545548819005489
early (-600 to -300 ms),baseline+shuffled-z,4,shuffled_z3_mean,0.006416017655283213
early (-600 to -300 ms),baseline+shuffled-z,4,shuffled_z4_mean,-0.006401301361620426
early (-600 to -300 ms),baseline+shuffled-z,4,shuffled_z5_mean,-0.0017714030109345913
early (-600 to -300 ms),baseline+shuffled-z,5,baseline_0,0.06212823837995529
early (-600 to -300 ms),baseline+shuffled-z,5,baseline_1,-0.027605626732110977
early (-600 to -300 ms),baseline+shuffled-z,5,baseline_2,-0.03349164128303528
early (-600 to -300 ms),baseline+shuffled-z,5,baseline_3,0.011831868439912796
early (-600 to -300 ms),baseline+shuffled-z,5,baseline_4,0.024580419063568115
early (-600 to -300 ms),baseline+shuffled-z,5,shuffled_z1_mean,-0.00507803400978446
early (-600 to -300 ms),baseline+shuffled-z,5,shuffled_z2_mean,0.00041984609561041
early (-600 to -300 ms),baseline+shuffled-z,5,shuffled_z3_mean,0.0020595709793269634
early (-600 to -300 ms),baseline+shuffled-z,5,shuffled_z4_mean,-0.0021458344999700785
early (-600 to -300 ms),baseline+shuffled-z,5,shuffled_z5_mean,-0.003033602610230446
early (-600 to -300 ms),baseline+cpp,1,baseline_0,0.06058402359485626
early (-600 to -300 ms),baseline+cpp,1,baseline_1,-0.02185174450278282
early (-600 to -300 ms),baseline+cpp,1,baseline_2,-0.03762879967689514
early (-600 to -300 ms),baseline+cpp,1,baseline_3,0.009343539364635944
early (-600 to -300 ms),baseline+cpp,1,baseline_4,0.026398256421089172
early (-600 to -300 ms),baseline+cpp,1,cpp_mean,0.08292371034622192
early (-600 to -300 ms),baseline+cpp,1,cpp_late,-0.11061584949493408
early (-600 to -300 ms),baseline+cpp,1,cpp_slope,0.03327983617782593
early (-600 to -300 ms),baseline+cpp,2,baseline_0,0.05882103368639946
early (-600 to -300 ms),baseline+cpp,2,baseline_1,-0.02765253186225891
early (-600 to -300 ms),baseline+cpp,2,baseline_2,-0.040442004799842834
early (-600 to -300 ms),baseline+cpp,2,baseline_3,0.005762593820691109
early (-600 to -300 ms),baseline+cpp,2,baseline_4,0.02091265842318535
early (-600 to -300 ms),baseline+cpp,2,cpp_mean,0.09678341448307037
early (-600 to -300 ms),baseline+cpp,2,cpp_late,-0.12465974688529968
early (-600 to -300 ms),baseline+cpp,2,cpp_slope,0.04324343055486679
early (-600 to -300 ms),baseline+cpp,3,baseline_0,0.05605992302298546
early (-600 to -300 ms),baseline+cpp,3,baseline_1,-0.02644726261496544
early (-600 to -300 ms),baseline+cpp,3,baseline_2,-0.039205171167850494
early (-600 to -300 ms),baseline+cpp,3,baseline_3,0.007817876525223255
early (-600 to -300 ms),baseline+cpp,3,baseline_4,0.0231899693608284
early (-600 to -300 ms),baseline+cpp,3,cpp_mean,0.0784946084022522
early (-600 to -300 ms),baseline+cpp,3,cpp_late,-0.1061834916472435
early (-600 to -300 ms),baseline+cpp,3,cpp_slope,0.03414338454604149
early (-600 to -300 ms),baseline+cpp,4,baseline_0,0.05613168329000473
early (-600 to -300 ms),baseline+cpp,4,baseline_1,-0.023513300344347954
early (-600 to -300 ms),baseline+cpp,4,baseline_2,-0.03736560046672821
early (-600 to -300 ms),baseline+cpp,4,baseline_3,0.008821792900562286
early (-600 to -300 ms),baseline+cpp,4,baseline_4,0.020065225660800934
early (-600 to -300 ms),baseline+cpp,4,cpp_mean,0.08894054591655731
early (-600 to -300 ms),baseline+cpp,4,cpp_late,-0.11921434104442596
early (-600 to -300 ms),baseline+cpp,4,cpp_slope,0.04232936352491379
early (-600 to -300 ms),baseline+cpp,5,baseline_0,0.060214050114154816
early (-600 to -300 ms),baseline+cpp,5,baseline_1,-0.024144794791936874
early (-600 to -300 ms),baseline+cpp,5,baseline_2,-0.031722716987133026
early (-600 to -300 ms),baseline+cpp,5,baseline_3,0.01173461228609085
early (-600 to -300 ms),baseline+cpp,5,baseline_4,0.023914344608783722
early (-600 to -300 ms),baseline+cpp,5,cpp_mean,0.09636644273996353
early (-600 to -300 ms),baseline+cpp,5,cpp_late,-0.13704290986061096
early (-600 to -300 ms),baseline+cpp,5,cpp_slope,0.0529148168861866
early (-600 to -300 ms),baseline+cpp+z,1,baseline_0,0.05706626549363136
early (-600 to -300 ms),baseline+cpp+z,1,baseline_1,-0.021951884031295776
early (-600 to -300 ms),baseline+cpp+z,1,baseline_2,-0.03533761948347092
early (-600 to -300 ms),baseline+cpp+z,1,baseline_3,0.007892669178545475
early (-600 to -300 ms),baseline+cpp+z,1,baseline_4,0.024904511868953705
early (-600 to -300 ms),baseline+cpp+z,1,cpp_mean,0.01299622654914856
early (-600 to -300 ms),baseline+cpp+z,1,cpp_late,-0.08012617379426956
early (-600 to -300 ms),baseline+cpp+z,1,cpp_slope,0.029831573367118835
early (-600 to -300 ms),baseline+cpp+z,1,z1_mean,-0.012160852551460266
early (-600 to -300 ms),baseline+cpp+z,1,z2_mean,-0.046413909643888474
early (-600 to -300 ms),baseline+cpp+z,1,z3_mean,-0.03437152877449989
early (-600 to -300 ms),baseline+cpp+z,1,z4_mean,-0.02111981064081192
early (-600 to -300 ms),baseline+cpp+z,1,z5_mean,0.019376767799258232
early (-600 to -300 ms),baseline+cpp+z,2,baseline_0,0.05626784265041351
early (-600 to -300 ms),baseline+cpp+z,2,baseline_1,-0.027106158435344696
early (-600 to -300 ms),baseline+cpp+z,2,baseline_2,-0.03782668709754944
early (-600 to -300 ms),baseline+cpp+z,2,baseline_3,0.005433198995888233
early (-600 to -300 ms),baseline+cpp+z,2,baseline_4,0.02101757563650608
early (-600 to -300 ms),baseline+cpp+z,2,cpp_mean,0.0314057283103466
early (-600 to -300 ms),baseline+cpp+z,2,cpp_late,-0.09210924804210663
early (-600 to -300 ms),baseline+cpp+z,2,cpp_slope,0.03776326775550842
early (-600 to -300 ms),baseline+cpp+z,2,z1_mean,-0.007617900148034096
early (-600 to -300 ms),baseline+cpp+z,2,z2_mean,-0.04511184245347977
early (-600 to -300 ms),baseline+cpp+z,2,z3_mean,-0.03347950056195259
early (-600 to -300 ms),baseline+cpp+z,2,z4_mean,-0.02737540565431118
early (-600 to -300 ms),baseline+cpp+z,2,z5_mean,0.029301444068551064
early (-600 to -300 ms),baseline+cpp+z,3,baseline_0,0.053741469979286194
early (-600 to -300 ms),baseline+cpp+z,3,baseline_1,-0.026078909635543823
early (-600 to -300 ms),baseline+cpp+z,3,baseline_2,-0.03589598461985588
early (-600 to -300 ms),baseline+cpp+z,3,baseline_3,0.007612262386828661
early (-600 to -300 ms),baseline+cpp+z,3,baseline_4,0.02266731485724449
early (-600 to -300 ms),baseline+cpp+z,3,cpp_mean,0.006813576444983482
early (-600 to -300 ms),baseline+cpp+z,3,cpp_late,-0.07159480452537537
early (-600 to -300 ms),baseline+cpp+z,3,cpp_slope,0.028962666168808937
early (-600 to -300 ms),baseline+cpp+z,3,z1_mean,-0.0006930436939001083
early (-600 to -300 ms),baseline+cpp+z,3,z2_mean,-0.04838055744767189
early (-600 to -300 ms),baseline+cpp+z,3,z3_mean,-0.03644242882728577
early (-600 to -300 ms),baseline+cpp+z,3,z4_mean,-0.01738840341567993
early (-600 to -300 ms),baseline+cpp+z,3,z5_mean,0.0172470360994339
early (-600 to -300 ms),baseline+cpp+z,4,baseline_0,0.05224064737558365
early (-600 to -300 ms),baseline+cpp+z,4,baseline_1,-0.023479022085666656
early (-600 to -300 ms),baseline+cpp+z,4,baseline_2,-0.034251417964696884
early (-600 to -300 ms),baseline+cpp+z,4,baseline_3,0.00793504249304533
early (-600 to -300 ms),baseline+cpp+z,4,baseline_4,0.019602257758378983
early (-600 to -300 ms),baseline+cpp+z,4,cpp_mean,0.012465373612940311
early (-600 to -300 ms),baseline+cpp+z,4,cpp_late,-0.0809745043516159
early (-600 to -300 ms),baseline+cpp+z,4,cpp_slope,0.03507028892636299
early (-600 to -300 ms),baseline+cpp+z,4,z1_mean,-0.0049005188047885895
early (-600 to -300 ms),baseline+cpp+z,4,z2_mean,-0.04591081291437149
early (-600 to -300 ms),baseline+cpp+z,4,z3_mean,-0.03767799586057663
early (-600 to -300 ms),baseline+cpp+z,4,z4_mean,-0.025273477658629417
early (-600 to -300 ms),baseline+cpp+z,4,z5_mean,0.018191808834671974
early (-600 to -300 ms),baseline+cpp+z,5,baseline_0,0.05807944014668465
early (-600 to -300 ms),baseline+cpp+z,5,baseline_1,-0.02406274899840355
early (-600 to -300 ms),baseline+cpp+z,5,baseline_2,-0.02984524518251419
early (-600 to -300 ms),baseline+cpp+z,5,baseline_3,0.011296714656054974
early (-600 to -300 ms),baseline+cpp+z,5,baseline_4,0.02318612113595009
early (-600 to -300 ms),baseline+cpp+z,5,cpp_mean,0.03510449454188347
early (-600 to -300 ms),baseline+cpp+z,5,cpp_late,-0.11077993363142014
early (-600 to -300 ms),baseline+cpp+z,5,cpp_slope,0.05033104121685028
early (-600 to -300 ms),baseline+cpp+z,5,z1_mean,-0.03315722942352295
early (-600 to -300 ms),baseline+cpp+z,5,z2_mean,-0.0629972368478775
early (-600 to -300 ms),baseline+cpp+z,5,z3_mean,-0.02058892697095871
early (-600 to -300 ms),baseline+cpp+z,5,z4_mean,-0.06523455679416656
early (-600 to -300 ms),baseline+cpp+z,5,z5_mean,0.06094343215227127
mid (-300 to -120 ms),baseline,1,baseline_0,0.0617295578122139
mid (-300 to -120 ms),baseline,1,baseline_1,-0.024281766265630722
mid (-300 to -120 ms),baseline,1,baseline_2,-0.03790966048836708
mid (-300 to -120 ms),baseline,1,baseline_3,0.010262759402394295
mid (-300 to -120 ms),baseline,1,baseline_4,0.02765076421201229
mid (-300 to -120 ms),baseline,2,baseline_0,0.06324616074562073
mid (-300 to -120 ms),baseline,2,baseline_1,-0.030450468882918358
mid (-300 to -120 ms),baseline,2,baseline_2,-0.04172833263874054
mid (-300 to -120 ms),baseline,2,baseline_3,0.0073680756613612175
mid (-300 to -120 ms),baseline,2,baseline_4,0.021540755406022072
mid (-300 to -120 ms),baseline,3,baseline_0,0.057623762637376785
mid (-300 to -120 ms),baseline,3,baseline_1,-0.029849091544747353
mid (-300 to -120 ms),baseline,3,baseline_2,-0.03982638567686081
mid (-300 to -120 ms),baseline,3,baseline_3,0.008424388244748116
mid (-300 to -120 ms),baseline,3,baseline_4,0.02450511045753956
mid (-300 to -120 ms),baseline,4,baseline_0,0.0588718019425869
mid (-300 to -120 ms),baseline,4,baseline_1,-0.027555063366889954
mid (-300 to -120 ms),baseline,4,baseline_2,-0.03795412927865982
mid (-300 to -120 ms),baseline,4,baseline_3,0.010856512933969498
mid (-300 to -120 ms),baseline,4,baseline_4,0.02143324539065361
mid (-300 to -120 ms),baseline,5,baseline_0,0.06339418143033981
mid (-300 to -120 ms),baseline,5,baseline_1,-0.028032254427671432
mid (-300 to -120 ms),baseline,5,baseline_2,-0.034060049802064896
mid (-300 to -120 ms),baseline,5,baseline_3,0.011928974650800228
mid (-300 to -120 ms),baseline,5,baseline_4,0.02484026737511158
mid (-300 to -120 ms),z-only,1,z1_mean,0.018160557374358177
mid (-300 to -120 ms),z-only,1,z2_mean,0.007139522582292557
mid (-300 to -120 ms),z-only,1,z3_mean,0.0029750491958111525
mid (-300 to -120 ms),z-only,1,z4_mean,-0.005104945972561836
mid (-300 to -120 ms),z-only,1,z5_mean,0.012389716692268848
mid (-300 to -120 ms),z-only,2,z1_mean,0.028101742267608643
mid (-300 to -120 ms),z-only,2,z2_mean,0.002130473032593727
mid (-300 to -120 ms),z-only,2,z3_mean,0.0026447877753525972
mid (-300 to -120 ms),z-only,2,z4_mean,-0.005540050100535154
mid (-300 to -120 ms),z-only,2,z5_mean,0.017999418079853058
mid (-300 to -120 ms),z-only,3,z1_mean,0.019398553296923637
mid (-300 to -120 ms),z-only,3,z2_mean,0.00726534565910697
mid (-300 to -120 ms),z-only,3,z3_mean,0.0030435300432145596
mid (-300 to -120 ms),z-only,3,z4_mean,-0.006119224242866039
mid (-300 to -120 ms),z-only,3,z5_mean,0.012534407898783684
mid (-300 to -120 ms),z-only,4,z1_mean,0.022188322618603706
mid (-300 to -120 ms),z-only,4,z2_mean,0.009587730281054974
mid (-300 to -120 ms),z-only,4,z3_mean,0.004149789456278086
mid (-300 to -120 ms),z-only,4,z4_mean,-0.006243542768061161
mid (-300 to -120 ms),z-only,4,z5_mean,0.01441563107073307
mid (-300 to -120 ms),z-only,5,z1_mean,-0.0205327607691288
mid (-300 to -120 ms),z-only,5,z2_mean,-0.0028675899375230074
mid (-300 to -120 ms),z-only,5,z3_mean,0.03415406495332718
mid (-300 to -120 ms),z-only,5,z4_mean,-0.07541272789239883
mid (-300 to -120 ms),z-only,5,z5_mean,0.07467760890722275
mid (-300 to -120 ms),baseline+z,1,baseline_0,0.05769409239292145
mid (-300 to -120 ms),baseline+z,1,baseline_1,-0.022944655269384384
mid (-300 to -120 ms),baseline+z,1,baseline_2,-0.03636208549141884
mid (-300 to -120 ms),baseline+z,1,baseline_3,0.009730653837323189
mid (-300 to -120 ms),baseline+z,1,baseline_4,0.026859434321522713
mid (-300 to -120 ms),baseline+z,1,z1_mean,0.0188625305891037
mid (-300 to -120 ms),baseline+z,1,z2_mean,0.009210457094013691
mid (-300 to -120 ms),baseline+z,1,z3_mean,0.0032974982168525457
mid (-300 to -120 ms),baseline+z,1,z4_mean,-0.003876219503581524
mid (-300 to -120 ms),baseline+z,1,z5_mean,0.0092774648219347
mid (-300 to -120 ms),baseline+z,2,baseline_0,0.05689813941717148
mid (-300 to -120 ms),baseline+z,2,baseline_1,-0.02819865569472313
mid (-300 to -120 ms),baseline+z,2,baseline_2,-0.038627445697784424
mid (-300 to -120 ms),baseline+z,2,baseline_3,0.007263490930199623
mid (-300 to -120 ms),baseline+z,2,baseline_4,0.02181537076830864
mid (-300 to -120 ms),baseline+z,2,z1_mean,0.031126614660024643
mid (-300 to -120 ms),baseline+z,2,z2_mean,0.0021770556923002005
mid (-300 to -120 ms),baseline+z,2,z3_mean,0.0005317314062267542
mid (-300 to -120 ms),baseline+z,2,z4_mean,-0.0031481366604566574
mid (-300 to -120 ms),baseline+z,2,z5_mean,0.016683194786310196
mid (-300 to -120 ms),baseline+z,3,baseline_0,0.051079392433166504
mid (-300 to -120 ms),baseline+z,3,baseline_1,-0.02646562270820141
mid (-300 to -120 ms),baseline+z,3,baseline_2,-0.03598053753376007
mid (-300 to -120 ms),baseline+z,3,baseline_3,0.008399374783039093
mid (-300 to -120 ms),baseline+z,3,baseline_4,0.023614786565303802
mid (-300 to -120 ms),baseline+z,3,z1_mean,0.02505498193204403
mid (-300 to -120 ms),baseline+z,3,z2_mean,0.008220505900681019
mid (-300 to -120 ms),baseline+z,3,z3_mean,0.000922392588108778
mid (-300 to -120 ms),baseline+z,3,z4_mean,-0.006080758757889271
mid (-300 to -120 ms),baseline+z,3,z5_mean,0.01316841784864664
mid (-300 to -120 ms),baseline+z,4,baseline_0,0.05191843584179878
mid (-300 to -120 ms),baseline+z,4,baseline_1,-0.024014487862586975
mid (-300 to -120 ms),baseline+z,4,baseline_2,-0.03449080139398575
mid (-300 to -120 ms),baseline+z,4,baseline_3,0.01006705779582262
mid (-300 to -120 ms),baseline+z,4,baseline_4,0.02083447575569153
mid (-300 to -120 ms),baseline+z,4,z1_mean,0.026030339300632477
mid (-300 to -120 ms),baseline+z,4,z2_mean,0.011880395002663136
mid (-300 to -120 ms),baseline+z,4,z3_mean,0.002237000735476613
mid (-300 to -120 ms),baseline+z,4,z4_mean,-0.006371489260345697
mid (-300 to -120 ms),baseline+z,4,z5_mean,0.013785085640847683
mid (-300 to -120 ms),baseline+z,5,baseline_0,0.06321529299020767
mid (-300 to -120 ms),baseline+z,5,baseline_1,-0.027886027470231056
mid (-300 to -120 ms),baseline+z,5,baseline_2,-0.03367920219898224
mid (-300 to -120 ms),baseline+z,5,baseline_3,0.012430312111973763
mid (-300 to -120 ms),baseline+z,5,baseline_4,0.02524070255458355
mid (-300 to -120 ms),baseline+z,5,z1_mean,-0.01199335977435112
mid (-300 to -120 ms),baseline+z,5,z2_mean,0.0007107704877853394
mid (-300 to -120 ms),baseline+z,5,z3_mean,0.02832888439297676
mid (-300 to -120 ms),baseline+z,5,z4_mean,-0.062144648283720016
mid (-300 to -120 ms),baseline+z,5,z5_mean,0.06172550469636917
mid (-300 to -120 ms),baseline+shuffled-z,1,baseline_0,0.06118450686335564
mid (-300 to -120 ms),baseline+shuffled-z,1,baseline_1,-0.024170532822608948
mid (-300 to -120 ms),baseline+shuffled-z,1,baseline_2,-0.03765856474637985
mid (-300 to -120 ms),baseline+shuffled-z,1,baseline_3,0.01024303026497364
mid (-300 to -120 ms),baseline+shuffled-z,1,baseline_4,0.027354806661605835
mid (-300 to -120 ms),baseline+shuffled-z,1,shuffled_z1_mean,0.005079647526144981
mid (-300 to -120 ms),baseline+shuffled-z,1,shuffled_z2_mean,-0.0017058131052181125
mid (-300 to -120 ms),baseline+shuffled-z,1,shuffled_z3_mean,0.0018757057841867208
mid (-300 to -120 ms),baseline+shuffled-z,1,shuffled_z4_mean,0.0018927736673504114
mid (-300 to -120 ms),baseline+shuffled-z,1,shuffled_z5_mean,0.0026451044250279665
mid (-300 to -120 ms),baseline+shuffled-z,2,baseline_0,0.06243745982646942
mid (-300 to -120 ms),baseline+shuffled-z,2,baseline_1,-0.03041130304336548
mid (-300 to -120 ms),baseline+shuffled-z,2,baseline_2,-0.04129549860954285
mid (-300 to -120 ms),baseline+shuffled-z,2,baseline_3,0.007452716585248709
mid (-300 to -120 ms),baseline+shuffled-z,2,baseline_4,0.021291054785251617
mid (-300 to -120 ms),baseline+shuffled-z,2,shuffled_z1_mean,0.003324202261865139
mid (-300 to -120 ms),baseline+shuffled-z,2,shuffled_z2_mean,0.0007918859482742846
mid (-300 to -120 ms),baseline+shuffled-z,2,shuffled_z3_mean,0.002857048064470291
mid (-300 to -120 ms),baseline+shuffled-z,2,shuffled_z4_mean,0.0036840359680354595
mid (-300 to -120 ms),baseline+shuffled-z,2,shuffled_z5_mean,0.00135985785163939
mid (-300 to -120 ms),baseline+shuffled-z,3,baseline_0,0.05677056312561035
mid (-300 to -120 ms),baseline+shuffled-z,3,baseline_1,-0.02959461137652397
mid (-300 to -120 ms),baseline+shuffled-z,3,baseline_2,-0.039354875683784485
mid (-300 to -120 ms),baseline+shuffled-z,3,baseline_3,0.008345614187419415
mid (-300 to -120 ms),baseline+shuffled-z,3,baseline_4,0.024262230843305588
mid (-300 to -120 ms),baseline+shuffled-z,3,shuffled_z1_mean,-0.00218369928188622
mid (-300 to -120 ms),baseline+shuffled-z,3,shuffled_z2_mean,2.381380181759596e-05
mid (-300 to -120 ms),baseline+shuffled-z,3,shuffled_z3_mean,0.001953874249011278
mid (-300 to -120 ms),baseline+shuffled-z,3,shuffled_z4_mean,-0.0004968799185007811
mid (-300 to -120 ms),baseline+shuffled-z,3,shuffled_z5_mean,0.0060651665553450584
mid (-300 to -120 ms),baseline+shuffled-z,4,baseline_0,0.058019593358039856
mid (-300 to -120 ms),baseline+shuffled-z,4,baseline_1,-0.02732156403362751
mid (-300 to -120 ms),baseline+shuffled-z,4,baseline_2,-0.03755515441298485
mid (-300 to -120 ms),baseline+shuffled-z,4,baseline_3,0.010874603874981403
mid (-300 to -120 ms),baseline+shuffled-z,4,baseline_4,0.02114192210137844
mid (-300 to -120 ms),baseline+shuffled-z,4,shuffled_z1_mean,0.0017525574658066034
mid (-300 to -120 ms),baseline+shuffled-z,4,shuffled_z2_mean,0.004679040517657995
mid (-300 to -120 ms),baseline+shuffled-z,4,shuffled_z3_mean,0.005313222762197256
mid (-300 to -120 ms),baseline+shuffled-z,4,shuffled_z4_mean,0.0019935285672545433
mid (-300 to -120 ms),baseline+shuffled-z,4,shuffled_z5_mean,-0.002841304987668991
mid (-300 to -120 ms),baseline+shuffled-z,5,baseline_0,0.06338769197463989
mid (-300 to -120 ms),baseline+shuffled-z,5,baseline_1,-0.02813526801764965
mid (-300 to -120 ms),baseline+shuffled-z,5,baseline_2,-0.034120503813028336
mid (-300 to -120 ms),baseline+shuffled-z,5,baseline_3,0.011930362321436405
mid (-300 to -120 ms),baseline+shuffled-z,5,baseline_4,0.02468251809477806
mid (-300 to -120 ms),baseline+shuffled-z,5,shuffled_z1_mean,-0.004160804208368063
mid (-300 to -120 ms),baseline+shuffled-z,5,shuffled_z2_mean,0.0014770070556551218
mid (-300 to -120 ms),baseline+shuffled-z,5,shuffled_z3_mean,0.006679834797978401
mid (-300 to -120 ms),baseline+shuffled-z,5,shuffled_z4_mean,-0.006587953306734562
mid (-300 to -120 ms),baseline+shuffled-z,5,shuffled_z5_mean,0.006824701093137264
mid (-300 to -120 ms),baseline+cpp,1,baseline_0,0.06058402359485626
mid (-300 to -120 ms),baseline+cpp,1,baseline_1,-0.02185174450278282
mid (-300 to -120 ms),baseline+cpp,1,baseline_2,-0.03762879967689514
mid (-300 to -120 ms),baseline+cpp,1,baseline_3,0.009343539364635944
mid (-300 to -120 ms),baseline+cpp,1,baseline_4,0.026398256421089172
mid (-300 to -120 ms),baseline+cpp,1,cpp_mean,0.08292371034622192
mid (-300 to -120 ms),baseline+cpp,1,cpp_late,-0.11061584949493408
mid (-300 to -120 ms),baseline+cpp,1,cpp_slope,0.03327983617782593
mid (-300 to -120 ms),baseline+cpp,2,baseline_0,0.05882103368639946
mid (-300 to -120 ms),baseline+cpp,2,baseline_1,-0.02765253186225891
mid (-300 to -120 ms),baseline+cpp,2,baseline_2,-0.040442004799842834
mid (-300 to -120 ms),baseline+cpp,2,baseline_3,0.005762593820691109
mid (-300 to -120 ms),baseline+cpp,2,baseline_4,0.02091265842318535
mid (-300 to -120 ms),baseline+cpp,2,cpp_mean,0.09678341448307037
mid (-300 to -120 ms),baseline+cpp,2,cpp_late,-0.12465974688529968
mid (-300 to -120 ms),baseline+cpp,2,cpp_slope,0.04324343055486679
mid (-300 to -120 ms),baseline+cpp,3,baseline_0,0.05605992302298546
mid (-300 to -120 ms),baseline+cpp,3,baseline_1,-0.02644726261496544
mid (-300 to -120 ms),baseline+cpp,3,baseline_2,-0.039205171167850494
mid (-300 to -120 ms),baseline+cpp,3,baseline_3,0.007817876525223255
mid (-300 to -120 ms),baseline+cpp,3,baseline_4,0.0231899693608284
mid (-300 to -120 ms),baseline+cpp,3,cpp_mean,0.0784946084022522
mid (-300 to -120 ms),baseline+cpp,3,cpp_late,-0.1061834916472435
mid (-300 to -120 ms),baseline+cpp,3,cpp_slope,0.03414338454604149
mid (-300 to -120 ms),baseline+cpp,4,baseline_0,0.05613168329000473
mid (-300 to -120 ms),baseline+cpp,4,baseline_1,-0.023513300344347954
mid (-300 to -120 ms),baseline+cpp,4,baseline_2,-0.03736560046672821
mid (-300 to -120 ms),baseline+cpp,4,baseline_3,0.008821792900562286
mid (-300 to -120 ms),baseline+cpp,4,baseline_4,0.020065225660800934
mid (-300 to -120 ms),baseline+cpp,4,cpp_mean,0.08894054591655731
mid (-300 to -120 ms),baseline+cpp,4,cpp_late,-0.11921434104442596
mid (-300 to -120 ms),baseline+cpp,4,cpp_slope,0.04232936352491379
mid (-300 to -120 ms),baseline+cpp,5,baseline_0,0.060214050114154816
mid (-300 to -120 ms),baseline+cpp,5,baseline_1,-0.024144794791936874
mid (-300 to -120 ms),baseline+cpp,5,baseline_2,-0.031722716987133026
mid (-300 to -120 ms),baseline+cpp,5,baseline_3,0.01173461228609085
mid (-300 to -120 ms),baseline+cpp,5,baseline_4,0.023914344608783722
mid (-300 to -120 ms),baseline+cpp,5,cpp_mean,0.09636644273996353
mid (-300 to -120 ms),baseline+cpp,5,cpp_late,-0.13704290986061096
mid (-300 to -120 ms),baseline+cpp,5,cpp_slope,0.0529148168861866
mid (-300 to -120 ms),baseline+cpp+z,1,baseline_0,0.058934468775987625
mid (-300 to -120 ms),baseline+cpp+z,1,baseline_1,-0.0215706005692482
mid (-300 to -120 ms),baseline+cpp+z,1,baseline_2,-0.03707631304860115
mid (-300 to -120 ms),baseline+cpp+z,1,baseline_3,0.009550278075039387
mid (-300 to -120 ms),baseline+cpp+z,1,baseline_4,0.026190685108304024
mid (-300 to -120 ms),baseline+cpp+z,1,cpp_mean,0.08095360547304153
mid (-300 to -120 ms),baseline+cpp+z,1,cpp_late,-0.06590890139341354
mid (-300 to -120 ms),baseline+cpp+z,1,cpp_slope,0.0015638936311006546
mid (-300 to -120 ms),baseline+cpp+z,1,z1_mean,0.02365770936012268
mid (-300 to -120 ms),baseline+cpp+z,1,z2_mean,0.019104892387986183
mid (-300 to -120 ms),baseline+cpp+z,1,z3_mean,0.011833582073450089
mid (-300 to -120 ms),baseline+cpp+z,1,z4_mean,0.0017696768045425415
mid (-300 to -120 ms),baseline+cpp+z,1,z5_mean,0.008491099812090397
mid (-300 to -120 ms),baseline+cpp+z,2,baseline_0,0.056707315146923065
mid (-300 to -120 ms),baseline+cpp+z,2,baseline_1,-0.027170095592737198
mid (-300 to -120 ms),baseline+cpp+z,2,baseline_2,-0.03958600014448166
mid (-300 to -120 ms),baseline+cpp+z,2,baseline_3,0.00623950595036149
mid (-300 to -120 ms),baseline+cpp+z,2,baseline_4,0.021434303373098373
mid (-300 to -120 ms),baseline+cpp+z,2,cpp_mean,0.09651940315961838
mid (-300 to -120 ms),baseline+cpp+z,2,cpp_late,-0.07297976315021515
mid (-300 to -120 ms),baseline+cpp+z,2,cpp_slope,0.005663678050041199
mid (-300 to -120 ms),baseline+cpp+z,2,z1_mean,0.03757322207093239
mid (-300 to -120 ms),baseline+cpp+z,2,z2_mean,0.012425625696778297
mid (-300 to -120 ms),baseline+cpp+z,2,z3_mean,0.012398581020534039
mid (-300 to -120 ms),baseline+cpp+z,2,z4_mean,0.0036500021815299988
mid (-300 to -120 ms),baseline+cpp+z,2,z5_mean,0.01754700392484665
mid (-300 to -120 ms),baseline+cpp+z,3,baseline_0,0.0544671006500721
mid (-300 to -120 ms),baseline+cpp+z,3,baseline_1,-0.0257546529173851
mid (-300 to -120 ms),baseline+cpp+z,3,baseline_2,-0.0382656529545784
mid (-300 to -120 ms),baseline+cpp+z,3,baseline_3,0.008169950917363167
mid (-300 to -120 ms),baseline+cpp+z,3,baseline_4,0.023133527487516403
mid (-300 to -120 ms),baseline+cpp+z,3,cpp_mean,0.07676588743925095
mid (-300 to -120 ms),baseline+cpp+z,3,cpp_late,-0.05566859990358353
mid (-300 to -120 ms),baseline+cpp+z,3,cpp_slope,-0.0018419623374938965
mid (-300 to -120 ms),baseline+cpp+z,3,z1_mean,0.03070685639977455
mid (-300 to -120 ms),baseline+cpp+z,3,z2_mean,0.0198263730853796
mid (-300 to -120 ms),baseline+cpp+z,3,z3_mean,0.011207910254597664
mid (-300 to -120 ms),baseline+cpp+z,3,z4_mean,-0.001475142315030098
mid (-300 to -120 ms),baseline+cpp+z,3,z5_mean,0.015291452407836914
mid (-300 to -120 ms),baseline+cpp+z,4,baseline_0,0.054109953343868256
mid (-300 to -120 ms),baseline+cpp+z,4,baseline_1,-0.02260066568851471
mid (-300 to -120 ms),baseline+cpp+z,4,baseline_2,-0.036465827375650406
mid (-300 to -120 ms),baseline+cpp+z,4,baseline_3,0.009011284448206425
mid (-300 to -120 ms),baseline+cpp+z,4,baseline_4,0.020211853086948395
mid (-300 to -120 ms),baseline+cpp+z,4,cpp_mean,0.08710645884275436
mid (-300 to -120 ms),baseline+cpp+z,4,cpp_late,-0.05671801418066025
mid (-300 to -120 ms),baseline+cpp+z,4,cpp_slope,-0.0017794501036405563
mid (-300 to -120 ms),baseline+cpp+z,4,z1_mean,0.030164238065481186
mid (-300 to -120 ms),baseline+cpp+z,4,z2_mean,0.026360342279076576
mid (-300 to -120 ms),baseline+cpp+z,4,z3_mean,0.016084901988506317
mid (-300 to -120 ms),baseline+cpp+z,4,z4_mean,-0.0032838843762874603
mid (-300 to -120 ms),baseline+cpp+z,4,z5_mean,0.018510164692997932
mid (-300 to -120 ms),baseline+cpp+z,5,baseline_0,0.058892540633678436
mid (-300 to -120 ms),baseline+cpp+z,5,baseline_1,-0.02394433319568634
mid (-300 to -120 ms),baseline+cpp+z,5,baseline_2,-0.03142312914133072
mid (-300 to -120 ms),baseline+cpp+z,5,baseline_3,0.011996808461844921
mid (-300 to -120 ms),baseline+cpp+z,5,baseline_4,0.023348413407802582
mid (-300 to -120 ms),baseline+cpp+z,5,cpp_mean,0.10079260915517807
mid (-300 to -120 ms),baseline+cpp+z,5,cpp_late,-0.08040501177310944
mid (-300 to -120 ms),baseline+cpp+z,5,cpp_slope,0.009052688255906105
mid (-300 to -120 ms),baseline+cpp+z,5,z1_mean,0.019862879067659378
mid (-300 to -120 ms),baseline+cpp+z,5,z2_mean,0.02279682084918022
mid (-300 to -120 ms),baseline+cpp+z,5,z3_mean,0.022099658846855164
mid (-300 to -120 ms),baseline+cpp+z,5,z4_mean,-0.02098282054066658
mid (-300 to -120 ms),baseline+cpp+z,5,z5_mean,0.03339846432209015
late (-120 to -50 ms),baseline,1,baseline_0,0.0617295578122139
late (-120 to -50 ms),baseline,1,baseline_1,-0.024281766265630722
late (-120 to -50 ms),baseline,1,baseline_2,-0.03790966048836708
late (-120 to -50 ms),baseline,1,baseline_3,0.010262759402394295
late (-120 to -50 ms),baseline,1,baseline_4,0.02765076421201229
late (-120 to -50 ms),baseline,2,baseline_0,0.06324616074562073
late (-120 to -50 ms),baseline,2,baseline_1,-0.030450468882918358
late (-120 to -50 ms),baseline,2,baseline_2,-0.04172833263874054
late (-120 to -50 ms),baseline,2,baseline_3,0.0073680756613612175
late (-120 to -50 ms),baseline,2,baseline_4,0.021540755406022072
late (-120 to -50 ms),baseline,3,baseline_0,0.057623762637376785
late (-120 to -50 ms),baseline,3,baseline_1,-0.029849091544747353
late (-120 to -50 ms),baseline,3,baseline_2,-0.03982638567686081
late (-120 to -50 ms),baseline,3,baseline_3,0.008424388244748116
late (-120 to -50 ms),baseline,3,baseline_4,0.02450511045753956
late (-120 to -50 ms),baseline,4,baseline_0,0.0588718019425869
late (-120 to -50 ms),baseline,4,baseline_1,-0.027555063366889954
late (-120 to -50 ms),baseline,4,baseline_2,-0.03795412927865982
late (-120 to -50 ms),baseline,4,baseline_3,0.010856512933969498
late (-120 to -50 ms),baseline,4,baseline_4,0.02143324539065361
late (-120 to -50 ms),baseline,5,baseline_0,0.06339418143033981
late (-120 to -50 ms),baseline,5,baseline_1,-0.028032254427671432
late (-120 to -50 ms),baseline,5,baseline_2,-0.034060049802064896
late (-120 to -50 ms),baseline,5,baseline_3,0.011928974650800228
late (-120 to -50 ms),baseline,5,baseline_4,0.02484026737511158
late (-120 to -50 ms),z-only,1,z1_mean,0.014120342209935188
late (-120 to -50 ms),z-only,1,z2_mean,0.022789621725678444
late (-120 to -50 ms),z-only,1,z3_mean,0.009154221042990685
late (-120 to -50 ms),z-only,1,z4_mean,-0.0024485127069056034
late (-120 to -50 ms),z-only,1,z5_mean,0.011080210097134113
late (-120 to -50 ms),z-only,2,z1_mean,0.0219371747225523
late (-120 to -50 ms),z-only,2,z2_mean,0.018660029396414757
late (-120 to -50 ms),z-only,2,z3_mean,0.0063846539705991745
late (-120 to -50 ms),z-only,2,z4_mean,-0.0035275286063551903
late (-120 to -50 ms),z-only,2,z5_mean,0.015056772157549858
late (-120 to -50 ms),z-only,3,z1_mean,0.01586107723414898
late (-120 to -50 ms),z-only,3,z2_mean,0.019786372780799866
late (-120 to -50 ms),z-only,3,z3_mean,0.006153224501758814
late (-120 to -50 ms),z-only,3,z4_mean,-0.0032319286838173866
late (-120 to -50 ms),z-only,3,z5_mean,0.011887041851878166
late (-120 to -50 ms),z-only,4,z1_mean,0.01899581030011177
late (-120 to -50 ms),z-only,4,z2_mean,0.023713750764727592
late (-120 to -50 ms),z-only,4,z3_mean,0.004692357964813709
late (-120 to -50 ms),z-only,4,z4_mean,-0.004295585677027702
late (-120 to -50 ms),z-only,4,z5_mean,0.011770987883210182
late (-120 to -50 ms),z-only,5,z1_mean,-0.0056680794805288315
late (-120 to -50 ms),z-only,5,z2_mean,0.024538451805710793
late (-120 to -50 ms),z-only,5,z3_mean,0.029517455026507378
late (-120 to -50 ms),z-only,5,z4_mean,-0.05048549547791481
late (-120 to -50 ms),z-only,5,z5_mean,0.047398846596479416
late (-120 to -50 ms),baseline+z,1,baseline_0,0.05803277716040611
late (-120 to -50 ms),baseline+z,1,baseline_1,-0.023015305399894714
late (-120 to -50 ms),baseline+z,1,baseline_2,-0.0353381410241127
late (-120 to -50 ms),baseline+z,1,baseline_3,0.009322119876742363
late (-120 to -50 ms),baseline+z,1,baseline_4,0.02616659738123417
late (-120 to -50 ms),baseline+z,1,z1_mean,0.013627210631966591
late (-120 to -50 ms),baseline+z,1,z2_mean,0.02454107441008091
late (-120 to -50 ms),baseline+z,1,z3_mean,0.00878194347023964
late (-120 to -50 ms),baseline+z,1,z4_mean,-0.0017523998394608498
late (-120 to -50 ms),baseline+z,1,z5_mean,0.007718347012996674
late (-120 to -50 ms),baseline+z,2,baseline_0,0.05735734477639198
late (-120 to -50 ms),baseline+z,2,baseline_1,-0.028406532481312752
late (-120 to -50 ms),baseline+z,2,baseline_2,-0.03766137734055519
late (-120 to -50 ms),baseline+z,2,baseline_3,0.007082681637257338
late (-120 to -50 ms),baseline+z,2,baseline_4,0.021280627697706223
late (-120 to -50 ms),baseline+z,2,z1_mean,0.024080391973257065
late (-120 to -50 ms),baseline+z,2,z2_mean,0.02057904750108719
late (-120 to -50 ms),baseline+z,2,z3_mean,0.0045728967525064945
late (-120 to -50 ms),baseline+z,2,z4_mean,-0.003043469274416566
late (-120 to -50 ms),baseline+z,2,z5_mean,0.011631423607468605
late (-120 to -50 ms),baseline+z,3,baseline_0,0.051159560680389404
late (-120 to -50 ms),baseline+z,3,baseline_1,-0.02623756229877472
late (-120 to -50 ms),baseline+z,3,baseline_2,-0.03543525189161301
late (-120 to -50 ms),baseline+z,3,baseline_3,0.008187643252313137
late (-120 to -50 ms),baseline+z,3,baseline_4,0.023141302168369293
late (-120 to -50 ms),baseline+z,3,z1_mean,0.019330604001879692
late (-120 to -50 ms),baseline+z,3,z2_mean,0.022315723821520805
late (-120 to -50 ms),baseline+z,3,z3_mean,0.004349264781922102
late (-120 to -50 ms),baseline+z,3,z4_mean,-0.0035727587528526783
late (-120 to -50 ms),baseline+z,3,z5_mean,0.010151553899049759
late (-120 to -50 ms),baseline+z,4,baseline_0,0.05388294532895088
late (-120 to -50 ms),baseline+z,4,baseline_1,-0.024549348279833794
late (-120 to -50 ms),baseline+z,4,baseline_2,-0.03470833599567413
late (-120 to -50 ms),baseline+z,4,baseline_3,0.009962400421500206
late (-120 to -50 ms),baseline+z,4,baseline_4,0.020560823380947113
late (-120 to -50 ms),baseline+z,4,z1_mean,0.022326331585645676
late (-120 to -50 ms),baseline+z,4,z2_mean,0.028443370014429092
late (-120 to -50 ms),baseline+z,4,z3_mean,0.0021904767490923405
late (-120 to -50 ms),baseline+z,4,z4_mean,-0.003167608054354787
late (-120 to -50 ms),baseline+z,4,z5_mean,0.0083039915189147
late (-120 to -50 ms),baseline+z,5,baseline_0,0.06368903815746307
late (-120 to -50 ms),baseline+z,5,baseline_1,-0.02810661867260933
late (-120 to -50 ms),baseline+z,5,baseline_2,-0.032373882830142975
late (-120 to -50 ms),baseline+z,5,baseline_3,0.012555360794067383
late (-120 to -50 ms),baseline+z,5,baseline_4,0.02573266252875328
late (-120 to -50 ms),baseline+z,5,z1_mean,-0.004358690232038498
late (-120 to -50 ms),baseline+z,5,z2_mean,0.021726449951529503
late (-120 to -50 ms),baseline+z,5,z3_mean,0.027106642723083496
late (-120 to -50 ms),baseline+z,5,z4_mean,-0.048860225826501846
late (-120 to -50 ms),baseline+z,5,z5_mean,0.04660256206989288
late (-120 to -50 ms),baseline+shuffled-z,1,baseline_0,0.05974855646491051
late (-120 to -50 ms),baseline+shuffled-z,1,baseline_1,-0.023690398782491684
late (-120 to -50 ms),baseline+shuffled-z,1,baseline_2,-0.036984965205192566
late (-120 to -50 ms),baseline+shuffled-z,1,baseline_3,0.0100327730178833
late (-120 to -50 ms),baseline+shuffled-z,1,baseline_4,0.0270087793469429
late (-120 to -50 ms),baseline+shuffled-z,1,shuffled_z1_mean,0.0022220618557184935
late (-120 to -50 ms),baseline+shuffled-z,1,shuffled_z2_mean,8.178933057934046e-05
late (-120 to -50 ms),baseline+shuffled-z,1,shuffled_z3_mean,-0.0032198410481214523
late (-120 to -50 ms),baseline+shuffled-z,1,shuffled_z4_mean,0.008257953450083733
late (-120 to -50 ms),baseline+shuffled-z,1,shuffled_z5_mean,-0.0019270849879831076
late (-120 to -50 ms),baseline+shuffled-z,2,baseline_0,0.061511605978012085
late (-120 to -50 ms),baseline+shuffled-z,2,baseline_1,-0.029827915132045746
late (-120 to -50 ms),baseline+shuffled-z,2,baseline_2,-0.040924735367298126
late (-120 to -50 ms),baseline+shuffled-z,2,baseline_3,0.007335817441344261
late (-120 to -50 ms),baseline+shuffled-z,2,baseline_4,0.021207481622695923
late (-120 to -50 ms),baseline+shuffled-z,2,shuffled_z1_mean,0.0018761996179819107
late (-120 to -50 ms),baseline+shuffled-z,2,shuffled_z2_mean,-0.007669659331440926
late (-120 to -50 ms),baseline+shuffled-z,2,shuffled_z3_mean,-0.0007020514458417892
late (-120 to -50 ms),baseline+shuffled-z,2,shuffled_z4_mean,0.00800283346325159
late (-120 to -50 ms),baseline+shuffled-z,2,shuffled_z5_mean,0.0037197007331997156
late (-120 to -50 ms),baseline+shuffled-z,3,baseline_0,0.05676658824086189
late (-120 to -50 ms),baseline+shuffled-z,3,baseline_1,-0.029485603794455528
late (-120 to -50 ms),baseline+shuffled-z,3,baseline_2,-0.039426833391189575
late (-120 to -50 ms),baseline+shuffled-z,3,baseline_3,0.00835164450109005
late (-120 to -50 ms),baseline+shuffled-z,3,baseline_4,0.024212362244725227
late (-120 to -50 ms),baseline+shuffled-z,3,shuffled_z1_mean,-0.002402259036898613
late (-120 to -50 ms),baseline+shuffled-z,3,shuffled_z2_mean,0.0038069873116910458
late (-120 to -50 ms),baseline+shuffled-z,3,shuffled_z3_mean,-0.00045634969137609005
late (-120 to -50 ms),baseline+shuffled-z,3,shuffled_z4_mean,0.0057961526326835155
late (-120 to -50 ms),baseline+shuffled-z,3,shuffled_z5_mean,-0.004191221669316292
late (-120 to -50 ms),baseline+shuffled-z,4,baseline_0,0.057355690747499466
late (-120 to -50 ms),baseline+shuffled-z,4,baseline_1,-0.02699650637805462
late (-120 to -50 ms),baseline+shuffled-z,4,baseline_2,-0.03723790869116783
late (-120 to -50 ms),baseline+shuffled-z,4,baseline_3,0.010654452256858349
late (-120 to -50 ms),baseline+shuffled-z,4,baseline_4,0.021027201786637306
late (-120 to -50 ms),baseline+shuffled-z,4,shuffled_z1_mean,0.0017484286800026894
late (-120 to -50 ms),baseline+shuffled-z,4,shuffled_z2_mean,-0.0005662309704348445
late (-120 to -50 ms),baseline+shuffled-z,4,shuffled_z3_mean,0.00041598547250032425
late (-120 to -50 ms),baseline+shuffled-z,4,shuffled_z4_mean,0.009294534102082253
late (-120 to -50 ms),baseline+shuffled-z,4,shuffled_z5_mean,-0.0046199532225728035
late (-120 to -50 ms),baseline+shuffled-z,5,baseline_0,0.06277330219745636
late (-120 to -50 ms),baseline+shuffled-z,5,baseline_1,-0.02785867638885975
late (-120 to -50 ms),baseline+shuffled-z,5,baseline_2,-0.03387204930186272
late (-120 to -50 ms),baseline+shuffled-z,5,baseline_3,0.011803936213254929
late (-120 to -50 ms),baseline+shuffled-z,5,baseline_4,0.024569042026996613
late (-120 to -50 ms),baseline+shuffled-z,5,shuffled_z1_mean,0.0024055608082562685
late (-120 to -50 ms),baseline+shuffled-z,5,shuffled_z2_mean,0.00042343343375250697
late (-120 to -50 ms),baseline+shuffled-z,5,shuffled_z3_mean,0.004657880403101444
late (-120 to -50 ms),baseline+shuffled-z,5,shuffled_z4_mean,0.005577653180807829
late (-120 to -50 ms),baseline+shuffled-z,5,shuffled_z5_mean,-0.005248926114290953
late (-120 to -50 ms),baseline+cpp,1,baseline_0,0.06058402359485626
late (-120 to -50 ms),baseline+cpp,1,baseline_1,-0.02185174450278282
late (-120 to -50 ms),baseline+cpp,1,baseline_2,-0.03762879967689514
late (-120 to -50 ms),baseline+cpp,1,baseline_3,0.009343539364635944
late (-120 to -50 ms),baseline+cpp,1,baseline_4,0.026398256421089172
late (-120 to -50 ms),baseline+cpp,1,cpp_mean,0.08292371034622192
late (-120 to -50 ms),baseline+cpp,1,cpp_late,-0.11061584949493408
late (-120 to -50 ms),baseline+cpp,1,cpp_slope,0.03327983617782593
late (-120 to -50 ms),baseline+cpp,2,baseline_0,0.05882103368639946
late (-120 to -50 ms),baseline+cpp,2,baseline_1,-0.02765253186225891
late (-120 to -50 ms),baseline+cpp,2,baseline_2,-0.040442004799842834
late (-120 to -50 ms),baseline+cpp,2,baseline_3,0.005762593820691109
late (-120 to -50 ms),baseline+cpp,2,baseline_4,0.02091265842318535
late (-120 to -50 ms),baseline+cpp,2,cpp_mean,0.09678341448307037
late (-120 to -50 ms),baseline+cpp,2,cpp_late,-0.12465974688529968
late (-120 to -50 ms),baseline+cpp,2,cpp_slope,0.04324343055486679
late (-120 to -50 ms),baseline+cpp,3,baseline_0,0.05605992302298546
late (-120 to -50 ms),baseline+cpp,3,baseline_1,-0.02644726261496544
late (-120 to -50 ms),baseline+cpp,3,baseline_2,-0.039205171167850494
late (-120 to -50 ms),baseline+cpp,3,baseline_3,0.007817876525223255
late (-120 to -50 ms),baseline+cpp,3,baseline_4,0.0231899693608284
late (-120 to -50 ms),baseline+cpp,3,cpp_mean,0.0784946084022522
late (-120 to -50 ms),baseline+cpp,3,cpp_late,-0.1061834916472435
late (-120 to -50 ms),baseline+cpp,3,cpp_slope,0.03414338454604149
late (-120 to -50 ms),baseline+cpp,4,baseline_0,0.05613168329000473
late (-120 to -50 ms),baseline+cpp,4,baseline_1,-0.023513300344347954
late (-120 to -50 ms),baseline+cpp,4,baseline_2,-0.03736560046672821
late (-120 to -50 ms),baseline+cpp,4,baseline_3,0.008821792900562286
late (-120 to -50 ms),baseline+cpp,4,baseline_4,0.020065225660800934
late (-120 to -50 ms),baseline+cpp,4,cpp_mean,0.08894054591655731
late (-120 to -50 ms),baseline+cpp,4,cpp_late,-0.11921434104442596
late (-120 to -50 ms),baseline+cpp,4,cpp_slope,0.04232936352491379
late (-120 to -50 ms),baseline+cpp,5,baseline_0,0.060214050114154816
late (-120 to -50 ms),baseline+cpp,5,baseline_1,-0.024144794791936874
late (-120 to -50 ms),baseline+cpp,5,baseline_2,-0.031722716987133026
late (-120 to -50 ms),baseline+cpp,5,baseline_3,0.01173461228609085
late (-120 to -50 ms),baseline+cpp,5,baseline_4,0.023914344608783722
late (-120 to -50 ms),baseline+cpp,5,cpp_mean,0.09636644273996353
late (-120 to -50 ms),baseline+cpp,5,cpp_late,-0.13704290986061096
late (-120 to -50 ms),baseline+cpp,5,cpp_slope,0.0529148168861866
late (-120 to -50 ms),baseline+cpp+z,1,baseline_0,0.059159040451049805
late (-120 to -50 ms),baseline+cpp+z,1,baseline_1,-0.021677900105714798
late (-120 to -50 ms),baseline+cpp+z,1,baseline_2,-0.03701448440551758
late (-120 to -50 ms),baseline+cpp+z,1,baseline_3,0.0095060458406806
late (-120 to -50 ms),baseline+cpp+z,1,baseline_4,0.026109125465154648
late (-120 to -50 ms),baseline+cpp+z,1,cpp_mean,0.0760696530342102
late (-120 to -50 ms),baseline+cpp+z,1,cpp_late,-0.0382949598133564
late (-120 to -50 ms),baseline+cpp+z,1,cpp_slope,0.029538653790950775
late (-120 to -50 ms),baseline+cpp+z,1,z1_mean,0.010362756438553333
late (-120 to -50 ms),baseline+cpp+z,1,z2_mean,0.036269839853048325
late (-120 to -50 ms),baseline+cpp+z,1,z3_mean,0.02357357181608677
late (-120 to -50 ms),baseline+cpp+z,1,z4_mean,-0.010559000074863434
late (-120 to -50 ms),baseline+cpp+z,1,z5_mean,0.020378191024065018
late (-120 to -50 ms),baseline+cpp+z,2,baseline_0,0.0574602410197258
late (-120 to -50 ms),baseline+cpp+z,2,baseline_1,-0.02729976549744606
late (-120 to -50 ms),baseline+cpp+z,2,baseline_2,-0.039744626730680466
late (-120 to -50 ms),baseline+cpp+z,2,baseline_3,0.006217463873326778
late (-120 to -50 ms),baseline+cpp+z,2,baseline_4,0.021043885499238968
late (-120 to -50 ms),baseline+cpp+z,2,cpp_mean,0.08944448828697205
late (-120 to -50 ms),baseline+cpp+z,2,cpp_late,-0.04437114670872688
late (-120 to -50 ms),baseline+cpp+z,2,cpp_slope,0.03875051811337471
late (-120 to -50 ms),baseline+cpp+z,2,z1_mean,0.021521899849176407
late (-120 to -50 ms),baseline+cpp+z,2,z2_mean,0.03325183689594269
late (-120 to -50 ms),baseline+cpp+z,2,z3_mean,0.02245495654642582
late (-120 to -50 ms),baseline+cpp+z,2,z4_mean,-0.011928653344511986
late (-120 to -50 ms),baseline+cpp+z,2,z5_mean,0.02761409804224968
late (-120 to -50 ms),baseline+cpp+z,3,baseline_0,0.054257988929748535
late (-120 to -50 ms),baseline+cpp+z,3,baseline_1,-0.025946062058210373
late (-120 to -50 ms),baseline+cpp+z,3,baseline_2,-0.038207389414310455
late (-120 to -50 ms),baseline+cpp+z,3,baseline_3,0.008270453661680222
late (-120 to -50 ms),baseline+cpp+z,3,baseline_4,0.023202935233712196
late (-120 to -50 ms),baseline+cpp+z,3,cpp_mean,0.0694940984249115
late (-120 to -50 ms),baseline+cpp+z,3,cpp_late,-0.033981140702962875
late (-120 to -50 ms),baseline+cpp+z,3,cpp_slope,0.02915683016180992
late (-120 to -50 ms),baseline+cpp+z,3,z1_mean,0.01881355047225952
late (-120 to -50 ms),baseline+cpp+z,3,z2_mean,0.03467462211847305
late (-120 to -50 ms),baseline+cpp+z,3,z3_mean,0.01754208467900753
late (-120 to -50 ms),baseline+cpp+z,3,z4_mean,-0.009938833303749561
late (-120 to -50 ms),baseline+cpp+z,3,z5_mean,0.021654946729540825
late (-120 to -50 ms),baseline+cpp+z,4,baseline_0,0.05472715198993683
late (-120 to -50 ms),baseline+cpp+z,4,baseline_1,-0.022823374718427658
late (-120 to -50 ms),baseline+cpp+z,4,baseline_2,-0.036719243973493576
late (-120 to -50 ms),baseline+cpp+z,4,baseline_3,0.009028006345033646
late (-120 to -50 ms),baseline+cpp+z,4,baseline_4,0.020147521048784256
late (-120 to -50 ms),baseline+cpp+z,4,cpp_mean,0.08209291845560074
late (-120 to -50 ms),baseline+cpp+z,4,cpp_late,-0.04003988578915596
late (-120 to -50 ms),baseline+cpp+z,4,cpp_slope,0.03872935473918915
late (-120 to -50 ms),baseline+cpp+z,4,z1_mean,0.022467471659183502
late (-120 to -50 ms),baseline+cpp+z,4,z2_mean,0.04510406404733658
late (-120 to -50 ms),baseline+cpp+z,4,z3_mean,0.017268480733036995
late (-120 to -50 ms),baseline+cpp+z,4,z4_mean,-0.008172656409442425
late (-120 to -50 ms),baseline+cpp+z,4,z5_mean,0.019706357270479202
late (-120 to -50 ms),baseline+cpp+z,5,baseline_0,0.0597558468580246
late (-120 to -50 ms),baseline+cpp+z,5,baseline_1,-0.024378305301070213
late (-120 to -50 ms),baseline+cpp+z,5,baseline_2,-0.0315728560090065
late (-120 to -50 ms),baseline+cpp+z,5,baseline_3,0.012376262806355953
late (-120 to -50 ms),baseline+cpp+z,5,baseline_4,0.024200472980737686
late (-120 to -50 ms),baseline+cpp+z,5,cpp_mean,0.09399019926786423
late (-120 to -50 ms),baseline+cpp+z,5,cpp_late,-0.08077293634414673
late (-120 to -50 ms),baseline+cpp+z,5,cpp_slope,0.05102831870317459
late (-120 to -50 ms),baseline+cpp+z,5,z1_mean,-0.00139689352363348
late (-120 to -50 ms),baseline+cpp+z,5,z2_mean,0.023250140249729156
late (-120 to -50 ms),baseline+cpp+z,5,z3_mean,0.025383902713656425
late (-120 to -50 ms),baseline+cpp+z,5,z4_mean,-0.04265359789133072
late (-120 to -50 ms),baseline+cpp+z,5,z5_mean,0.046318791806697845
full (-600 to -50 ms),baseline,1,baseline_0,0.0617295578122139
full (-600 to -50 ms),baseline,1,baseline_1,-0.024281766265630722
full (-600 to -50 ms),baseline,1,baseline_2,-0.03790966048836708
full (-600 to -50 ms),baseline,1,baseline_3,0.010262759402394295
full (-600 to -50 ms),baseline,1,baseline_4,0.02765076421201229
full (-600 to -50 ms),baseline,2,baseline_0,0.06324616074562073
full (-600 to -50 ms),baseline,2,baseline_1,-0.030450468882918358
full (-600 to -50 ms),baseline,2,baseline_2,-0.04172833263874054
full (-600 to -50 ms),baseline,2,baseline_3,0.0073680756613612175
full (-600 to -50 ms),baseline,2,baseline_4,0.021540755406022072
full (-600 to -50 ms),baseline,3,baseline_0,0.057623762637376785
full (-600 to -50 ms),baseline,3,baseline_1,-0.029849091544747353
full (-600 to -50 ms),baseline,3,baseline_2,-0.03982638567686081
full (-600 to -50 ms),baseline,3,baseline_3,0.008424388244748116
full (-600 to -50 ms),baseline,3,baseline_4,0.02450511045753956
full (-600 to -50 ms),baseline,4,baseline_0,0.0588718019425869
full (-600 to -50 ms),baseline,4,baseline_1,-0.027555063366889954
full (-600 to -50 ms),baseline,4,baseline_2,-0.03795412927865982
full (-600 to -50 ms),baseline,4,baseline_3,0.010856512933969498
full (-600 to -50 ms),baseline,4,baseline_4,0.02143324539065361
full (-600 to -50 ms),baseline,5,baseline_0,0.06339418143033981
full (-600 to -50 ms),baseline,5,baseline_1,-0.028032254427671432
full (-600 to -50 ms),baseline,5,baseline_2,-0.034060049802064896
full (-600 to -50 ms),baseline,5,baseline_3,0.011928974650800228
full (-600 to -50 ms),baseline,5,baseline_4,0.02484026737511158
full (-600 to -50 ms),z-only,1,z1_mean,-0.01059461385011673
full (-600 to -50 ms),z-only,1,z2_mean,-0.027223536744713783
full (-600 to -50 ms),z-only,1,z3_mean,-0.010188227519392967
full (-600 to -50 ms),z-only,1,z4_mean,-0.038782764226198196
full (-600 to -50 ms),z-only,1,z5_mean,0.049688056111335754
full (-600 to -50 ms),z-only,2,z1_mean,0.0013905186206102371
full (-600 to -50 ms),z-only,2,z2_mean,-0.03040486015379429
full (-600 to -50 ms),z-only,2,z3_mean,-0.013864447362720966
full (-600 to -50 ms),z-only,2,z4_mean,-0.037774357944726944
full (-600 to -50 ms),z-only,2,z5_mean,0.05252906680107117
full (-600 to -50 ms),z-only,3,z1_mean,0.013080781325697899
full (-600 to -50 ms),z-only,3,z2_mean,-0.016835471615195274
full (-600 to -50 ms),z-only,3,z3_mean,-0.015384940430521965
full (-600 to -50 ms),z-only,3,z4_mean,-0.01905975304543972
full (-600 to -50 ms),z-only,3,z5_mean,0.02748490311205387
full (-600 to -50 ms),z-only,4,z1_mean,0.015538866631686687
full (-600 to -50 ms),z-only,4,z2_mean,-0.011462561786174774
full (-600 to -50 ms),z-only,4,z3_mean,-0.01636637933552265
full (-600 to -50 ms),z-only,4,z4_mean,-0.019703056663274765
full (-600 to -50 ms),z-only,4,z5_mean,0.022834543138742447
full (-600 to -50 ms),z-only,5,z1_mean,-0.08266083896160126
full (-600 to -50 ms),z-only,5,z2_mean,-0.05684316158294678
full (-600 to -50 ms),z-only,5,z3_mean,0.033864088356494904
full (-600 to -50 ms),z-only,5,z4_mean,-0.1532725840806961
full (-600 to -50 ms),z-only,5,z5_mean,0.14380453526973724
full (-600 to -50 ms),baseline+z,1,baseline_0,0.06000401824712753
full (-600 to -50 ms),baseline+z,1,baseline_1,-0.023908236995339394
full (-600 to -50 ms),baseline+z,1,baseline_2,-0.037663161754608154
full (-600 to -50 ms),baseline+z,1,baseline_3,0.010212330147624016
full (-600 to -50 ms),baseline+z,1,baseline_4,0.027549896389245987
full (-600 to -50 ms),baseline+z,1,z1_mean,-0.0024853041395545006
full (-600 to -50 ms),baseline+z,1,z2_mean,-0.019821112975478172
full (-600 to -50 ms),baseline+z,1,z3_mean,-0.008806663565337658
full (-600 to -50 ms),baseline+z,1,z4_mean,-0.02768867090344429
full (-600 to -50 ms),baseline+z,1,z5_mean,0.034842755645513535
full (-600 to -50 ms),baseline+z,2,baseline_0,0.060254570096731186
full (-600 to -50 ms),baseline+z,2,baseline_1,-0.02932109870016575
full (-600 to -50 ms),baseline+z,2,baseline_2,-0.04054713994264603
full (-600 to -50 ms),baseline+z,2,baseline_3,0.007379837334156036
full (-600 to -50 ms),baseline+z,2,baseline_4,0.021733449772000313
full (-600 to -50 ms),baseline+z,2,z1_mean,0.006987670436501503
full (-600 to -50 ms),baseline+z,2,z2_mean,-0.0242331400513649
full (-600 to -50 ms),baseline+z,2,z3_mean,-0.013240016996860504
full (-600 to -50 ms),baseline+z,2,z4_mean,-0.02935977652668953
full (-600 to -50 ms),baseline+z,2,z5_mean,0.04102578014135361
full (-600 to -50 ms),baseline+z,3,baseline_0,0.054852746427059174
full (-600 to -50 ms),baseline+z,3,baseline_1,-0.028369588777422905
full (-600 to -50 ms),baseline+z,3,baseline_2,-0.03816085308790207
full (-600 to -50 ms),baseline+z,3,baseline_3,0.008544720709323883
full (-600 to -50 ms),baseline+z,3,baseline_4,0.024352356791496277
full (-600 to -50 ms),baseline+z,3,z1_mean,0.012685777619481087
full (-600 to -50 ms),baseline+z,3,z2_mean,-0.017691582441329956
full (-600 to -50 ms),baseline+z,3,z3_mean,-0.012691793963313103
full (-600 to -50 ms),baseline+z,3,z4_mean,-0.020806550979614258
full (-600 to -50 ms),baseline+z,3,z5_mean,0.02792564406991005
full (-600 to -50 ms),baseline+z,4,baseline_0,0.05329044163227081
full (-600 to -50 ms),baseline+z,4,baseline_1,-0.025018930435180664
full (-600 to -50 ms),baseline+z,4,baseline_2,-0.03522016108036041
full (-600 to -50 ms),baseline+z,4,baseline_3,0.010240338742733002
full (-600 to -50 ms),baseline+z,4,baseline_4,0.021256744861602783
full (-600 to -50 ms),baseline+z,4,z1_mean,0.01457072515040636
full (-600 to -50 ms),baseline+z,4,z2_mean,-0.011900316923856735
full (-600 to -50 ms),baseline+z,4,z3_mean,-0.014601565897464752
full (-600 to -50 ms),baseline+z,4,z4_mean,-0.021842077374458313
full (-600 to -50 ms),baseline+z,4,z5_mean,0.025052350014448166
full (-600 to -50 ms),baseline+z,5,baseline_0,0.06350293010473251
full (-600 to -50 ms),baseline+z,5,baseline_1,-0.02808454819023609
full (-600 to -50 ms),baseline+z,5,baseline_2,-0.033886514604091644
full (-600 to -50 ms),baseline+z,5,baseline_3,0.013039314188063145
full (-600 to -50 ms),baseline+z,5,baseline_4,0.025214707478880882
full (-600 to -50 ms),baseline+z,5,z1_mean,-0.06386767327785492
full (-600 to -50 ms),baseline+z,5,z2_mean,-0.048600658774375916
full (-600 to -50 ms),baseline+z,5,z3_mean,0.027261978015303612
full (-600 to -50 ms),baseline+z,5,z4_mean,-0.12907667458057404
full (-600 to -50 ms),baseline+z,5,z5_mean,0.12253431975841522
full (-600 to -50 ms),baseline+shuffled-z,1,baseline_0,0.06062948703765869
full (-600 to -50 ms),baseline+shuffled-z,1,baseline_1,-0.02399785816669464
full (-600 to -50 ms),baseline+shuffled-z,1,baseline_2,-0.037395574152469635
full (-600 to -50 ms),baseline+shuffled-z,1,baseline_3,0.010096170008182526
full (-600 to -50 ms),baseline+shuffled-z,1,baseline_4,0.027231456711888313
full (-600 to -50 ms),baseline+shuffled-z,1,shuffled_z1_mean,-0.0020151366479694843
full (-600 to -50 ms),baseline+shuffled-z,1,shuffled_z2_mean,-0.0014950663316994905
full (-600 to -50 ms),baseline+shuffled-z,1,shuffled_z3_mean,0.005344879347831011
full (-600 to -50 ms),baseline+shuffled-z,1,shuffled_z4_mean,-0.001818887540139258
full (-600 to -50 ms),baseline+shuffled-z,1,shuffled_z5_mean,9.70145920291543e-05
full (-600 to -50 ms),baseline+shuffled-z,2,baseline_0,0.06161366403102875
full (-600 to -50 ms),baseline+shuffled-z,2,baseline_1,-0.02985922060906887
full (-600 to -50 ms),baseline+shuffled-z,2,baseline_2,-0.04073210805654526
full (-600 to -50 ms),baseline+shuffled-z,2,baseline_3,0.007398300804197788
full (-600 to -50 ms),baseline+shuffled-z,2,baseline_4,0.021388236433267593
full (-600 to -50 ms),baseline+shuffled-z,2,shuffled_z1_mean,-0.0009610942797735333
full (-600 to -50 ms),baseline+shuffled-z,2,shuffled_z2_mean,0.003667551325634122
full (-600 to -50 ms),baseline+shuffled-z,2,shuffled_z3_mean,0.002959313802421093
full (-600 to -50 ms),baseline+shuffled-z,2,shuffled_z4_mean,-0.0019182986579835415
full (-600 to -50 ms),baseline+shuffled-z,2,shuffled_z5_mean,-0.004650089889764786
full (-600 to -50 ms),baseline+shuffled-z,3,baseline_0,0.05684294551610947
full (-600 to -50 ms),baseline+shuffled-z,3,baseline_1,-0.029677944257855415
full (-600 to -50 ms),baseline+shuffled-z,3,baseline_2,-0.03931804373860359
full (-600 to -50 ms),baseline+shuffled-z,3,baseline_3,0.008361143060028553
full (-600 to -50 ms),baseline+shuffled-z,3,baseline_4,0.024220474064350128
full (-600 to -50 ms),baseline+shuffled-z,3,shuffled_z1_mean,0.003277631476521492
full (-600 to -50 ms),baseline+shuffled-z,3,shuffled_z2_mean,0.0010243335273116827
full (-600 to -50 ms),baseline+shuffled-z,3,shuffled_z3_mean,0.006692580878734589
full (-600 to -50 ms),baseline+shuffled-z,3,shuffled_z4_mean,0.0034455950371921062
full (-600 to -50 ms),baseline+shuffled-z,3,shuffled_z5_mean,-0.00795084796845913
full (-600 to -50 ms),baseline+shuffled-z,4,baseline_0,0.05809115618467331
full (-600 to -50 ms),baseline+shuffled-z,4,baseline_1,-0.027242453768849373
full (-600 to -50 ms),baseline+shuffled-z,4,baseline_2,-0.03750457614660263
full (-600 to -50 ms),baseline+shuffled-z,4,baseline_3,0.010728606022894382
full (-600 to -50 ms),baseline+shuffled-z,4,baseline_4,0.021280178800225258
full (-600 to -50 ms),baseline+shuffled-z,4,shuffled_z1_mean,0.001464363420382142
full (-600 to -50 ms),baseline+shuffled-z,4,shuffled_z2_mean,0.0013577744830399752
full (-600 to -50 ms),baseline+shuffled-z,4,shuffled_z3_mean,0.003300904296338558
full (-600 to -50 ms),baseline+shuffled-z,4,shuffled_z4_mean,-0.0018586963415145874
full (-600 to -50 ms),baseline+shuffled-z,4,shuffled_z5_mean,-0.0018323614494875073
full (-600 to -50 ms),baseline+shuffled-z,5,baseline_0,0.06283892691135406
full (-600 to -50 ms),baseline+shuffled-z,5,baseline_1,-0.027950303629040718
full (-600 to -50 ms),baseline+shuffled-z,5,baseline_2,-0.03391798585653305
full (-600 to -50 ms),baseline+shuffled-z,5,baseline_3,0.011803862638771534
full (-600 to -50 ms),baseline+shuffled-z,5,baseline_4,0.02454870007932186
full (-600 to -50 ms),baseline+shuffled-z,5,shuffled_z1_mean,0.0001395312137901783
full (-600 to -50 ms),baseline+shuffled-z,5,shuffled_z2_mean,0.0012967637740075588
full (-600 to -50 ms),baseline+shuffled-z,5,shuffled_z3_mean,0.0031829180661588907
full (-600 to -50 ms),baseline+shuffled-z,5,shuffled_z4_mean,0.003207348519936204
full (-600 to -50 ms),baseline+shuffled-z,5,shuffled_z5_mean,-0.004085266962647438
full (-600 to -50 ms),baseline+cpp,1,baseline_0,0.06058402359485626
full (-600 to -50 ms),baseline+cpp,1,baseline_1,-0.02185174450278282
full (-600 to -50 ms),baseline+cpp,1,baseline_2,-0.03762879967689514
full (-600 to -50 ms),baseline+cpp,1,baseline_3,0.009343539364635944
full (-600 to -50 ms),baseline+cpp,1,baseline_4,0.026398256421089172
full (-600 to -50 ms),baseline+cpp,1,cpp_mean,0.08292371034622192
full (-600 to -50 ms),baseline+cpp,1,cpp_late,-0.11061584949493408
full (-600 to -50 ms),baseline+cpp,1,cpp_slope,0.03327983617782593
full (-600 to -50 ms),baseline+cpp,2,baseline_0,0.05882103368639946
full (-600 to -50 ms),baseline+cpp,2,baseline_1,-0.02765253186225891
full (-600 to -50 ms),baseline+cpp,2,baseline_2,-0.040442004799842834
full (-600 to -50 ms),baseline+cpp,2,baseline_3,0.005762593820691109
full (-600 to -50 ms),baseline+cpp,2,baseline_4,0.02091265842318535
full (-600 to -50 ms),baseline+cpp,2,cpp_mean,0.09678341448307037
full (-600 to -50 ms),baseline+cpp,2,cpp_late,-0.12465974688529968
full (-600 to -50 ms),baseline+cpp,2,cpp_slope,0.04324343055486679
full (-600 to -50 ms),baseline+cpp,3,baseline_0,0.05605992302298546
full (-600 to -50 ms),baseline+cpp,3,baseline_1,-0.02644726261496544
full (-600 to -50 ms),baseline+cpp,3,baseline_2,-0.039205171167850494
full (-600 to -50 ms),baseline+cpp,3,baseline_3,0.007817876525223255
full (-600 to -50 ms),baseline+cpp,3,baseline_4,0.0231899693608284
full (-600 to -50 ms),baseline+cpp,3,cpp_mean,0.0784946084022522
full (-600 to -50 ms),baseline+cpp,3,cpp_late,-0.1061834916472435
full (-600 to -50 ms),baseline+cpp,3,cpp_slope,0.03414338454604149
full (-600 to -50 ms),baseline+cpp,4,baseline_0,0.05613168329000473
full (-600 to -50 ms),baseline+cpp,4,baseline_1,-0.023513300344347954
full (-600 to -50 ms),baseline+cpp,4,baseline_2,-0.03736560046672821
full (-600 to -50 ms),baseline+cpp,4,baseline_3,0.008821792900562286
full (-600 to -50 ms),baseline+cpp,4,baseline_4,0.020065225660800934
full (-600 to -50 ms),baseline+cpp,4,cpp_mean,0.08894054591655731
full (-600 to -50 ms),baseline+cpp,4,cpp_late,-0.11921434104442596
full (-600 to -50 ms),baseline+cpp,4,cpp_slope,0.04232936352491379
full (-600 to -50 ms),baseline+cpp,5,baseline_0,0.060214050114154816
full (-600 to -50 ms),baseline+cpp,5,baseline_1,-0.024144794791936874
full (-600 to -50 ms),baseline+cpp,5,baseline_2,-0.031722716987133026
full (-600 to -50 ms),baseline+cpp,5,baseline_3,0.01173461228609085
full (-600 to -50 ms),baseline+cpp,5,baseline_4,0.023914344608783722
full (-600 to -50 ms),baseline+cpp,5,cpp_mean,0.09636644273996353
full (-600 to -50 ms),baseline+cpp,5,cpp_late,-0.13704290986061096
full (-600 to -50 ms),baseline+cpp,5,cpp_slope,0.0529148168861866
full (-600 to -50 ms),baseline+cpp+z,1,baseline_0,0.05768463388085365
full (-600 to -50 ms),baseline+cpp+z,1,baseline_1,-0.022107452154159546
full (-600 to -50 ms),baseline+cpp+z,1,baseline_2,-0.036076419055461884
full (-600 to -50 ms),baseline+cpp+z,1,baseline_3,0.008557720109820366
full (-600 to -50 ms),baseline+cpp+z,1,baseline_4,0.025677165016531944
full (-600 to -50 ms),baseline+cpp+z,1,cpp_mean,0.02973783016204834
full (-600 to -50 ms),baseline+cpp+z,1,cpp_late,-0.11766374856233597
full (-600 to -50 ms),baseline+cpp+z,1,cpp_slope,0.04401266202330589
full (-600 to -50 ms),baseline+cpp+z,1,z1_mean,0.013848207890987396
full (-600 to -50 ms),baseline+cpp+z,1,z2_mean,-0.0337870717048645
full (-600 to -50 ms),baseline+cpp+z,1,z3_mean,-0.04393590986728668
full (-600 to -50 ms),baseline+cpp+z,1,z4_mean,0.004348383285105228
full (-600 to -50 ms),baseline+cpp+z,1,z5_mean,-0.009077569469809532
full (-600 to -50 ms),baseline+cpp+z,2,baseline_0,0.05636752024292946
full (-600 to -50 ms),baseline+cpp+z,2,baseline_1,-0.02747795358300209
full (-600 to -50 ms),baseline+cpp+z,2,baseline_2,-0.03861978277564049
full (-600 to -50 ms),baseline+cpp+z,2,baseline_3,0.00577929662540555
full (-600 to -50 ms),baseline+cpp+z,2,baseline_4,0.021209463477134705
full (-600 to -50 ms),baseline+cpp+z,2,cpp_mean,0.048949725925922394
full (-600 to -50 ms),baseline+cpp+z,2,cpp_late,-0.12226768583059311
full (-600 to -50 ms),baseline+cpp+z,2,cpp_slope,0.048168689012527466
full (-600 to -50 ms),baseline+cpp+z,2,z1_mean,0.022696679458022118
full (-600 to -50 ms),baseline+cpp+z,2,z2_mean,-0.0335070826113224
full (-600 to -50 ms),baseline+cpp+z,2,z3_mean,-0.03987487405538559
full (-600 to -50 ms),baseline+cpp+z,2,z4_mean,0.0007746098563075066
full (-600 to -50 ms),baseline+cpp+z,2,z5_mean,0.0027591921389102936
full (-600 to -50 ms),baseline+cpp+z,3,baseline_0,0.05402354523539543
full (-600 to -50 ms),baseline+cpp+z,3,baseline_1,-0.026535745710134506
full (-600 to -50 ms),baseline+cpp+z,3,baseline_2,-0.037013545632362366
full (-600 to -50 ms),baseline+cpp+z,3,baseline_3,0.007921192795038223
full (-600 to -50 ms),baseline+cpp+z,3,baseline_4,0.02343585528433323
full (-600 to -50 ms),baseline+cpp+z,3,cpp_mean,0.027005556970834732
full (-600 to -50 ms),baseline+cpp+z,3,cpp_late,-0.10429186373949051
full (-600 to -50 ms),baseline+cpp+z,3,cpp_slope,0.03982564061880112
full (-600 to -50 ms),baseline+cpp+z,3,z1_mean,0.019269946962594986
full (-600 to -50 ms),baseline+cpp+z,3,z2_mean,-0.03318542242050171
full (-600 to -50 ms),baseline+cpp+z,3,z3_mean,-0.04059603810310364
full (-600 to -50 ms),baseline+cpp+z,3,z4_mean,-0.00029727257788181305
full (-600 to -50 ms),baseline+cpp+z,3,z5_mean,-0.0015565629582852125
full (-600 to -50 ms),baseline+cpp+z,4,baseline_0,0.05312527343630791
full (-600 to -50 ms),baseline+cpp+z,4,baseline_1,-0.02364472672343254
full (-600 to -50 ms),baseline+cpp+z,4,baseline_2,-0.035311561077833176
full (-600 to -50 ms),baseline+cpp+z,4,baseline_3,0.008729140274226665
full (-600 to -50 ms),baseline+cpp+z,4,baseline_4,0.020404770970344543
full (-600 to -50 ms),baseline+cpp+z,4,cpp_mean,0.03628001734614372
full (-600 to -50 ms),baseline+cpp+z,4,cpp_late,-0.11039761453866959
full (-600 to -50 ms),baseline+cpp+z,4,cpp_slope,0.04356713220477104
full (-600 to -50 ms),baseline+cpp+z,4,z1_mean,0.015571593306958675
full (-600 to -50 ms),baseline+cpp+z,4,z2_mean,-0.02866491675376892
full (-600 to -50 ms),baseline+cpp+z,4,z3_mean,-0.03817150369286537
full (-600 to -50 ms),baseline+cpp+z,4,z4_mean,-0.008410152979195118
full (-600 to -50 ms),baseline+cpp+z,4,z5_mean,0.0022649080492556095
full (-600 to -50 ms),baseline+cpp+z,5,baseline_0,0.05845633149147034
full (-600 to -50 ms),baseline+cpp+z,5,baseline_1,-0.024562489241361618
full (-600 to -50 ms),baseline+cpp+z,5,baseline_2,-0.0304134301841259
full (-600 to -50 ms),baseline+cpp+z,5,baseline_3,0.011930959299206734
full (-600 to -50 ms),baseline+cpp+z,5,baseline_4,0.023965323343873024
full (-600 to -50 ms),baseline+cpp+z,5,cpp_mean,0.05094268545508385
full (-600 to -50 ms),baseline+cpp+z,5,cpp_late,-0.14689555764198303
full (-600 to -50 ms),baseline+cpp+z,5,cpp_slope,0.06694160401821136
full (-600 to -50 ms),baseline+cpp+z,5,z1_mean,-0.01975386217236519
full (-600 to -50 ms),baseline+cpp+z,5,z2_mean,-0.05161377415060997
full (-600 to -50 ms),baseline+cpp+z,5,z3_mean,-0.024604059755802155
full (-600 to -50 ms),baseline+cpp+z,5,z4_mean,-0.05457019433379173
full (-600 to -50 ms),baseline+cpp+z,5,z5_mean,0.04193195700645447
