seed,cpp_feature,z_feature,pooled_corr
0,CPP_late_mean,aligned_z1_late_mean,0.9060792922973633
0,CPP_late_mean,aligned_z1_slope,0.4577516414748182
0,CPP_late_mean,aligned_z1_peak,0.510043203830719
0,CPP_late_mean,aligned_z1_peak_time,0.2819027304649353
0,CPP_late_mean,aligned_z2_late_mean,0.9438457489013672
0,CPP_late_mean,aligned_z2_slope,0.4655582535158273
0,CPP_late_mean,aligned_z2_peak,0.5282350778579712
0,CPP_late_mean,aligned_z2_peak_time,0.2841571569442749
0,CPP_late_mean,aligned_z3_late_mean,0.8791949152946472
0,CPP_late_mean,aligned_z3_slope,0.45083871022765315
0,CPP_late_mean,aligned_z3_peak,0.4965324401855469
0,CPP_late_mean,aligned_z3_peak_time,0.2939026951789856
0,CPP_late_mean,aligned_z4_late_mean,0.8696986436843872
0,CPP_late_mean,aligned_z4_slope,0.44256799969414984
0,CPP_late_mean,aligned_z4_peak,0.5025858879089355
0,CPP_late_mean,aligned_z4_peak_time,0.2784668505191803
0,CPP_late_mean,aligned_z5_late_mean,0.8832724690437317
0,CPP_late_mean,aligned_z5_slope,0.4288899314326707
0,CPP_late_mean,aligned_z5_peak,0.4981260299682617
0,CPP_late_mean,aligned_z5_peak_time,0.25408947467803955
0,CPP_slope,aligned_z1_late_mean,0.42957816734493504
0,CPP_slope,aligned_z1_slope,0.9105956760395753
0,CPP_slope,aligned_z1_peak,-0.06868884369683348
0,CPP_slope,aligned_z1_peak_time,0.247151881533867
0,CPP_slope,aligned_z2_late_mean,0.45049628877137227
0,CPP_slope,aligned_z2_slope,0.9487459846516813
0,CPP_slope,aligned_z2_peak,-0.04919660876625894
0,CPP_slope,aligned_z2_peak_time,0.252445980515984
0,CPP_slope,aligned_z3_late_mean,0.428535400820665
0,CPP_slope,aligned_z3_slope,0.8887356415032881
0,CPP_slope,aligned_z3_peak,-0.03461655596716929
0,CPP_slope,aligned_z3_peak_time,0.23598584335536404
0,CPP_slope,aligned_z4_late_mean,0.38746925649422104
0,CPP_slope,aligned_z4_slope,0.8655641535430332
0,CPP_slope,aligned_z4_peak,-0.06500408472811571
0,CPP_slope,aligned_z4_peak_time,0.23881904267039955
0,CPP_slope,aligned_z5_late_mean,0.4108701752627248
0,CPP_slope,aligned_z5_slope,0.879777253670553
0,CPP_slope,aligned_z5_peak,-0.05171027571092183
0,CPP_slope,aligned_z5_peak_time,0.2189267377326017
0,CPP_peak,aligned_z1_late_mean,0.4154110848903656
0,CPP_peak,aligned_z1_slope,-0.010827458794311146
0,CPP_peak,aligned_z1_peak,0.8051771521568298
0,CPP_peak,aligned_z1_peak_time,-0.023097947239875793
0,CPP_peak,aligned_z2_late_mean,0.5382071733474731
0,CPP_peak,aligned_z2_slope,-0.03290406838692983
0,CPP_peak,aligned_z2_peak,0.9306843280792236
0,CPP_peak,aligned_z2_peak_time,-0.029817059636116028
0,CPP_peak,aligned_z3_late_mean,0.45628541707992554
0,CPP_peak,aligned_z3_slope,-0.01627333989935732
0,CPP_peak,aligned_z3_peak,0.7594561576843262
0,CPP_peak,aligned_z3_peak_time,0.01568525843322277
0,CPP_peak,aligned_z4_late_mean,0.5214766263961792
0,CPP_peak,aligned_z4_slope,-0.026941301903239363
0,CPP_peak,aligned_z4_peak,0.8222686648368835
0,CPP_peak,aligned_z4_peak_time,-0.014147104695439339
0,CPP_peak,aligned_z5_late_mean,0.5079031586647034
0,CPP_peak,aligned_z5_slope,-0.038881494059462535
0,CPP_peak,aligned_z5_peak,0.8558932542800903
0,CPP_peak,aligned_z5_peak_time,-0.021272527053952217
0,CPP_peak_time,aligned_z1_late_mean,0.2567937970161438
0,CPP_peak_time,aligned_z1_slope,0.23959116970445657
0,CPP_peak_time,aligned_z1_peak,-0.030530665069818497
0,CPP_peak_time,aligned_z1_peak_time,0.7160404324531555
0,CPP_peak_time,aligned_z2_late_mean,0.28374719619750977
0,CPP_peak_time,aligned_z2_slope,0.26834362642676357
0,CPP_peak_time,aligned_z2_peak,-0.04244741424918175
0,CPP_peak_time,aligned_z2_peak_time,0.8171144127845764
0,CPP_peak_time,aligned_z3_late_mean,0.2597588300704956
0,CPP_peak_time,aligned_z3_slope,0.2545980216328002
0,CPP_peak_time,aligned_z3_peak,-0.027303822338581085
0,CPP_peak_time,aligned_z3_peak_time,0.6398497819900513
0,CPP_peak_time,aligned_z4_late_mean,0.2660352885723114
0,CPP_peak_time,aligned_z4_slope,0.2543004965817379
0,CPP_peak_time,aligned_z4_peak,-0.04157240688800812
0,CPP_peak_time,aligned_z4_peak_time,0.6870537996292114
0,CPP_peak_time,aligned_z5_late_mean,0.25362855195999146
0,CPP_peak_time,aligned_z5_slope,0.2363568441637149
0,CPP_peak_time,aligned_z5_peak,-0.049869928508996964
0,CPP_peak_time,aligned_z5_peak_time,0.6587576866149902
1,CPP_late_mean,aligned_z1_late_mean,0.8963297605514526
1,CPP_late_mean,aligned_z1_slope,0.4411191977788341
1,CPP_late_mean,aligned_z1_peak,0.5014243125915527
1,CPP_late_mean,aligned_z1_peak_time,0.2672611474990845
1,CPP_late_mean,aligned_z2_late_mean,0.9418936967849731
1,CPP_late_mean,aligned_z2_slope,0.4520828857593988
1,CPP_late_mean,aligned_z2_peak,0.5315225124359131
1,CPP_late_mean,aligned_z2_peak_time,0.2778075933456421
1,CPP_late_mean,aligned_z3_late_mean,0.9370585680007935
1,CPP_late_mean,aligned_z3_slope,0.45847551830404315
1,CPP_late_mean,aligned_z3_peak,0.5400314927101135
1,CPP_late_mean,aligned_z3_peak_time,0.28538578748703003
1,CPP_late_mean,aligned_z4_late_mean,0.8009903430938721
1,CPP_late_mean,aligned_z4_slope,0.4177827448788259
1,CPP_late_mean,aligned_z4_peak,0.4263954162597656
1,CPP_late_mean,aligned_z4_peak_time,0.2455914318561554
1,CPP_late_mean,aligned_z5_late_mean,0.8081629276275635
1,CPP_late_mean,aligned_z5_slope,0.41139498517814266
1,CPP_late_mean,aligned_z5_peak,0.4056788384914398
1,CPP_late_mean,aligned_z5_peak_time,0.22375959157943726
1,CPP_slope,aligned_z1_late_mean,0.40415075695429137
1,CPP_slope,aligned_z1_slope,0.8950243978169568
1,CPP_slope,aligned_z1_peak,-0.06475057424640623
1,CPP_slope,aligned_z1_peak_time,0.24287962068395114
1,CPP_slope,aligned_z2_late_mean,0.4429239846492691
1,CPP_slope,aligned_z2_slope,0.943193382048273
1,CPP_slope,aligned_z2_peak,-0.051541165026232696
1,CPP_slope,aligned_z2_peak_time,0.2431388751664148
1,CPP_slope,aligned_z3_late_mean,0.4504698996894232
1,CPP_slope,aligned_z3_slope,0.9405975827060413
1,CPP_slope,aligned_z3_peak,-0.05468746863964691
1,CPP_slope,aligned_z3_peak_time,0.24987223900579053
1,CPP_slope,aligned_z4_late_mean,0.37951314148584725
1,CPP_slope,aligned_z4_slope,0.8072562054167781
1,CPP_slope,aligned_z4_peak,-0.045953051583396604
1,CPP_slope,aligned_z4_peak_time,0.20725185083512998
1,CPP_slope,aligned_z5_late_mean,0.3702384453446101
1,CPP_slope,aligned_z5_slope,0.805559618092673
1,CPP_slope,aligned_z5_peak,-0.05850694713586325
1,CPP_slope,aligned_z5_peak_time,0.17857982398471392
1,CPP_peak,aligned_z1_late_mean,0.49464625120162964
1,CPP_peak,aligned_z1_slope,-0.030225789195070338
1,CPP_peak,aligned_z1_peak,0.8415398001670837
1,CPP_peak,aligned_z1_peak_time,-0.03355512395501137
1,CPP_peak,aligned_z2_late_mean,0.5671533346176147
1,CPP_peak,aligned_z2_slope,-0.04864806563242691
1,CPP_peak,aligned_z2_peak,0.9540076851844788
1,CPP_peak,aligned_z2_peak_time,-0.02140829712152481
1,CPP_peak,aligned_z3_late_mean,0.4610646069049835
1,CPP_peak,aligned_z3_slope,-0.02373051704499763
1,CPP_peak,aligned_z3_peak,0.9111669063568115
1,CPP_peak,aligned_z3_peak_time,-0.020379219204187393
1,CPP_peak,aligned_z4_late_mean,0.4455767869949341
1,CPP_peak,aligned_z4_slope,-0.01261899856379345
1,CPP_peak,aligned_z4_peak,0.709313154220581
1,CPP_peak,aligned_z4_peak_time,-0.008066888898611069
1,CPP_peak,aligned_z5_late_mean,0.4028317332267761
1,CPP_peak,aligned_z5_slope,-0.017499386747409588
1,CPP_peak,aligned_z5_peak,0.5914510488510132
1,CPP_peak,aligned_z5_peak_time,-0.011206657625734806
1,CPP_peak_time,aligned_z1_late_mean,0.2603907883167267
1,CPP_peak_time,aligned_z1_slope,0.2417018459734217
1,CPP_peak_time,aligned_z1_peak,-0.03790261968970299
1,CPP_peak_time,aligned_z1_peak_time,0.7040725946426392
1,CPP_peak_time,aligned_z2_late_mean,0.27616649866104126
1,CPP_peak_time,aligned_z2_slope,0.2606159313678634
1,CPP_peak_time,aligned_z2_peak,-0.051201485097408295
1,CPP_peak_time,aligned_z2_peak_time,0.8079363107681274
1,CPP_peak_time,aligned_z3_late_mean,0.26495203375816345
1,CPP_peak_time,aligned_z3_slope,0.250291949420632
1,CPP_peak_time,aligned_z3_peak,-0.03495769202709198
1,CPP_peak_time,aligned_z3_peak_time,0.7757758498191833
1,CPP_peak_time,aligned_z4_late_mean,0.251010924577713
1,CPP_peak_time,aligned_z4_slope,0.2422443323568962
1,CPP_peak_time,aligned_z4_peak,-0.03555089980363846
1,CPP_peak_time,aligned_z4_peak_time,0.5212007761001587
1,CPP_peak_time,aligned_z5_late_mean,0.2240978479385376
1,CPP_peak_time,aligned_z5_slope,0.21219600769993496
1,CPP_peak_time,aligned_z5_peak,-0.03396432101726532
1,CPP_peak_time,aligned_z5_peak_time,0.46425068378448486
2,CPP_late_mean,aligned_z1_late_mean,0.8996148109436035
2,CPP_late_mean,aligned_z1_slope,0.4396182520898389
2,CPP_late_mean,aligned_z1_peak,0.4917948842048645
2,CPP_late_mean,aligned_z1_peak_time,0.2564024329185486
2,CPP_late_mean,aligned_z2_late_mean,0.9166853427886963
2,CPP_late_mean,aligned_z2_slope,0.4566314078405027
2,CPP_late_mean,aligned_z2_peak,0.526580274105072
2,CPP_late_mean,aligned_z2_peak_time,0.2950459122657776
2,CPP_late_mean,aligned_z3_late_mean,0.907474160194397
2,CPP_late_mean,aligned_z3_slope,0.4384810419010889
2,CPP_late_mean,aligned_z3_peak,0.5178178548812866
2,CPP_late_mean,aligned_z3_peak_time,0.2777327001094818
2,CPP_late_mean,aligned_z4_late_mean,0.8344595432281494
2,CPP_late_mean,aligned_z4_slope,0.42566390875265897
2,CPP_late_mean,aligned_z4_peak,0.45771491527557373
2,CPP_late_mean,aligned_z4_peak_time,0.258056640625
2,CPP_late_mean,aligned_z5_late_mean,0.6377670764923096
2,CPP_late_mean,aligned_z5_slope,0.3535328907157835
2,CPP_late_mean,aligned_z5_peak,0.31995105743408203
2,CPP_late_mean,aligned_z5_peak_time,0.15076640248298645
2,CPP_slope,aligned_z1_late_mean,0.41565935284182093
2,CPP_slope,aligned_z1_slope,0.9008309158797245
2,CPP_slope,aligned_z1_peak,-0.059467676686280654
2,CPP_slope,aligned_z1_peak_time,0.21769244631064089
2,CPP_slope,aligned_z2_late_mean,0.4221350539834958
2,CPP_slope,aligned_z2_slope,0.9148388509078249
2,CPP_slope,aligned_z2_peak,-0.05356663837413174
2,CPP_slope,aligned_z2_peak_time,0.25085911280912976
2,CPP_slope,aligned_z3_late_mean,0.4342710155575775
2,CPP_slope,aligned_z3_slope,0.9117009153862409
2,CPP_slope,aligned_z3_peak,-0.04476641413584205
2,CPP_slope,aligned_z3_peak_time,0.24387787978497827
2,CPP_slope,aligned_z4_late_mean,0.3942615589872785
2,CPP_slope,aligned_z4_slope,0.8394142104843698
2,CPP_slope,aligned_z4_peak,-0.0472727071095969
2,CPP_slope,aligned_z4_peak_time,0.22620225713231665
2,CPP_slope,aligned_z5_late_mean,0.31387362791664
2,CPP_slope,aligned_z5_slope,0.6503229307012297
2,CPP_slope,aligned_z5_peak,-0.006113162216263308
2,CPP_slope,aligned_z5_peak_time,0.12973813822120062
2,CPP_peak,aligned_z1_late_mean,0.4680277705192566
2,CPP_peak,aligned_z1_slope,-0.03289307542404389
2,CPP_peak,aligned_z1_peak,0.8290010690689087
2,CPP_peak,aligned_z1_peak_time,-0.018527468666434288
2,CPP_peak,aligned_z2_late_mean,0.5946054458618164
2,CPP_peak,aligned_z2_slope,-0.045131788456089644
2,CPP_peak,aligned_z2_peak,0.9254249334335327
2,CPP_peak,aligned_z2_peak_time,-0.009901581332087517
2,CPP_peak,aligned_z3_late_mean,0.5123768448829651
2,CPP_peak,aligned_z3_slope,-0.03937654347321466
2,CPP_peak,aligned_z3_peak,0.891113817691803
2,CPP_peak,aligned_z3_peak_time,-0.006918936036527157
2,CPP_peak,aligned_z4_late_mean,0.41818931698799133
2,CPP_peak,aligned_z4_slope,-0.00947520234625963
2,CPP_peak,aligned_z4_peak,0.7330225706100464
2,CPP_peak,aligned_z4_peak_time,-0.004459921270608902
2,CPP_peak,aligned_z5_late_mean,0.32686513662338257
2,CPP_peak,aligned_z5_slope,-0.0009642176819078287
2,CPP_peak,aligned_z5_peak,0.4935125410556793
2,CPP_peak,aligned_z5_peak_time,-0.01945994421839714
2,CPP_peak_time,aligned_z1_late_mean,0.2493634819984436
2,CPP_peak_time,aligned_z1_slope,0.23056315072211597
2,CPP_peak_time,aligned_z1_peak,-0.05017883703112602
2,CPP_peak_time,aligned_z1_peak_time,0.6492325067520142
2,CPP_peak_time,aligned_z2_late_mean,0.2800599932670593
2,CPP_peak_time,aligned_z2_slope,0.27251299922795597
2,CPP_peak_time,aligned_z2_peak,-0.0560942105948925
2,CPP_peak_time,aligned_z2_peak_time,0.8009802103042603
2,CPP_peak_time,aligned_z3_late_mean,0.2613970637321472
2,CPP_peak_time,aligned_z3_slope,0.2529062503647074
2,CPP_peak_time,aligned_z3_peak,-0.04222380369901657
2,CPP_peak_time,aligned_z3_peak_time,0.675933301448822
2,CPP_peak_time,aligned_z4_late_mean,0.24705550074577332
2,CPP_peak_time,aligned_z4_slope,0.2373470688984462
2,CPP_peak_time,aligned_z4_peak,-0.028640184551477432
2,CPP_peak_time,aligned_z4_peak_time,0.5393806099891663
2,CPP_peak_time,aligned_z5_late_mean,0.18715471029281616
2,CPP_peak_time,aligned_z5_slope,0.19097309262990295
2,CPP_peak_time,aligned_z5_peak,-0.019380275160074234
2,CPP_peak_time,aligned_z5_peak_time,0.3123183846473694
3,CPP_late_mean,aligned_z1_late_mean,0.9201722145080566
3,CPP_late_mean,aligned_z1_slope,0.45797353253962614
3,CPP_late_mean,aligned_z1_peak,0.5140856504440308
3,CPP_late_mean,aligned_z1_peak_time,0.28698092699050903
3,CPP_late_mean,aligned_z2_late_mean,0.7792766094207764
3,CPP_late_mean,aligned_z2_slope,0.3951235496003678
3,CPP_late_mean,aligned_z2_peak,0.4587419033050537
3,CPP_late_mean,aligned_z2_peak_time,0.26766106486320496
3,CPP_late_mean,aligned_z3_late_mean,0.9279135465621948
3,CPP_late_mean,aligned_z3_slope,0.45960185444425206
3,CPP_late_mean,aligned_z3_peak,0.5296160578727722
3,CPP_late_mean,aligned_z3_peak_time,0.28656333684921265
3,CPP_late_mean,aligned_z4_late_mean,0.8872508406639099
3,CPP_late_mean,aligned_z4_slope,0.43472763733943354
3,CPP_late_mean,aligned_z4_peak,0.4893776774406433
3,CPP_late_mean,aligned_z4_peak_time,0.2519998550415039
3,CPP_late_mean,aligned_z5_late_mean,0.8451617956161499
3,CPP_late_mean,aligned_z5_slope,0.4527960495151966
3,CPP_late_mean,aligned_z5_peak,0.45888397097587585
3,CPP_late_mean,aligned_z5_peak_time,0.293840229511261
3,CPP_slope,aligned_z1_late_mean,0.43548629950301926
3,CPP_slope,aligned_z1_slope,0.9225998724010491
3,CPP_slope,aligned_z1_peak,-0.049988992921521355
3,CPP_slope,aligned_z1_peak_time,0.2441884564013646
3,CPP_slope,aligned_z2_late_mean,0.37958358012182836
3,CPP_slope,aligned_z2_slope,0.7859698676970872
3,CPP_slope,aligned_z2_peak,-0.030753941194653633
3,CPP_slope,aligned_z2_peak_time,0.22366386612780464
3,CPP_slope,aligned_z3_late_mean,0.4481622910996215
3,CPP_slope,aligned_z3_slope,0.9338941896148746
3,CPP_slope,aligned_z3_peak,-0.04751163308135957
3,CPP_slope,aligned_z3_peak_time,0.24593564179229183
3,CPP_slope,aligned_z4_late_mean,0.4174409091389564
3,CPP_slope,aligned_z4_slope,0.8899294473696036
3,CPP_slope,aligned_z4_peak,-0.05698181766763346
3,CPP_slope,aligned_z4_peak_time,0.24007413364582408
3,CPP_slope,aligned_z5_late_mean,0.41703323022647676
3,CPP_slope,aligned_z5_slope,0.8616631185822207
3,CPP_slope,aligned_z5_peak,-0.038036995216657654
3,CPP_slope,aligned_z5_peak_time,0.235491375028359
3,CPP_peak,aligned_z1_late_mean,0.5518170595169067
3,CPP_peak,aligned_z1_slope,-0.03599710161686698
3,CPP_peak,aligned_z1_peak,0.8981216549873352
3,CPP_peak,aligned_z1_peak_time,-0.01179383136332035
3,CPP_peak,aligned_z2_late_mean,0.4530923664569855
3,CPP_peak,aligned_z2_slope,-0.020682124090112393
3,CPP_peak,aligned_z2_peak,0.748825192451477
3,CPP_peak,aligned_z2_peak_time,0.0020082052797079086
3,CPP_peak,aligned_z3_late_mean,0.4813856780529022
3,CPP_peak,aligned_z3_slope,-0.027827413489406212
3,CPP_peak,aligned_z3_peak,0.887959897518158
3,CPP_peak,aligned_z3_peak_time,-0.007638409733772278
3,CPP_peak,aligned_z4_late_mean,0.4453955292701721
3,CPP_peak,aligned_z4_slope,-0.02168493907784743
3,CPP_peak,aligned_z4_peak,0.8438457250595093
3,CPP_peak,aligned_z4_peak_time,-0.041597478091716766
3,CPP_peak,aligned_z5_late_mean,0.4127507209777832
3,CPP_peak,aligned_z5_slope,-0.004914696822132247
3,CPP_peak,aligned_z5_peak,0.6878993511199951
3,CPP_peak,aligned_z5_peak_time,0.03433286026120186
3,CPP_peak_time,aligned_z1_late_mean,0.2780289649963379
3,CPP_peak_time,aligned_z1_slope,0.2598052237091358
3,CPP_peak_time,aligned_z1_peak,-0.0535057932138443
3,CPP_peak_time,aligned_z1_peak_time,0.7910521030426025
3,CPP_peak_time,aligned_z2_late_mean,0.24287796020507812
3,CPP_peak_time,aligned_z2_slope,0.2395591654624889
3,CPP_peak_time,aligned_z2_peak,-0.026153473183512688
3,CPP_peak_time,aligned_z2_peak_time,0.5668400526046753
3,CPP_peak_time,aligned_z3_late_mean,0.26835107803344727
3,CPP_peak_time,aligned_z3_slope,0.25671148539534805
3,CPP_peak_time,aligned_z3_peak,-0.03587386757135391
3,CPP_peak_time,aligned_z3_peak_time,0.7316563129425049
3,CPP_peak_time,aligned_z4_late_mean,0.2552725076675415
3,CPP_peak_time,aligned_z4_slope,0.23587460648819208
3,CPP_peak_time,aligned_z4_peak,-0.032634805887937546
3,CPP_peak_time,aligned_z4_peak_time,0.6302708387374878
3,CPP_peak_time,aligned_z5_late_mean,0.2520430088043213
3,CPP_peak_time,aligned_z5_slope,0.24529436599396182
3,CPP_peak_time,aligned_z5_peak,-0.03910539671778679
3,CPP_peak_time,aligned_z5_peak_time,0.6005063056945801
4,CPP_late_mean,aligned_z1_late_mean,0.9311544895172119
4,CPP_late_mean,aligned_z1_slope,0.4532621343735608
4,CPP_late_mean,aligned_z1_peak,0.5393747091293335
4,CPP_late_mean,aligned_z1_peak_time,0.2785160541534424
4,CPP_late_mean,aligned_z2_late_mean,0.9502128958702087
4,CPP_late_mean,aligned_z2_slope,0.4612008008765888
4,CPP_late_mean,aligned_z2_peak,0.5386556386947632
4,CPP_late_mean,aligned_z2_peak_time,0.28324568271636963
4,CPP_late_mean,aligned_z3_late_mean,0.9192521572113037
4,CPP_late_mean,aligned_z3_slope,0.42784396520687973
4,CPP_late_mean,aligned_z3_peak,0.5178513526916504
4,CPP_late_mean,aligned_z3_peak_time,0.25913307070732117
4,CPP_late_mean,aligned_z4_late_mean,0.8687974810600281
4,CPP_late_mean,aligned_z4_slope,0.4313761040378724
4,CPP_late_mean,aligned_z4_peak,0.4955950677394867
4,CPP_late_mean,aligned_z4_peak_time,0.26476991176605225
4,CPP_late_mean,aligned_z5_late_mean,0.7602106928825378
4,CPP_late_mean,aligned_z5_slope,0.39031630254105737
4,CPP_late_mean,aligned_z5_peak,0.43008148670196533
4,CPP_late_mean,aligned_z5_peak_time,0.23665055632591248
4,CPP_slope,aligned_z1_late_mean,0.4451712259896189
4,CPP_slope,aligned_z1_slope,0.934573695139735
4,CPP_slope,aligned_z1_peak,-0.06389503813743691
4,CPP_slope,aligned_z1_peak_time,0.25214914836301244
4,CPP_slope,aligned_z2_late_mean,0.42747953799782956
4,CPP_slope,aligned_z2_slope,0.9489508975319031
4,CPP_slope,aligned_z2_peak,-0.0636666433555891
4,CPP_slope,aligned_z2_peak_time,0.25490186776042967
4,CPP_slope,aligned_z3_late_mean,0.4343569834071188
4,CPP_slope,aligned_z3_slope,0.9190813085800902
4,CPP_slope,aligned_z3_peak,-0.04736309967099048
4,CPP_slope,aligned_z3_peak_time,0.23292536203721842
4,CPP_slope,aligned_z4_late_mean,0.4094786949462841
4,CPP_slope,aligned_z4_slope,0.8715807359235949
4,CPP_slope,aligned_z4_peak,-0.04521937980753112
4,CPP_slope,aligned_z4_peak_time,0.2379314275390184
4,CPP_slope,aligned_z5_late_mean,0.3349380028551108
4,CPP_slope,aligned_z5_slope,0.7401513309603514
4,CPP_slope,aligned_z5_peak,-0.050658630515902116
4,CPP_slope,aligned_z5_peak_time,0.18360794823889248
4,CPP_peak,aligned_z1_late_mean,0.4108293354511261
4,CPP_peak,aligned_z1_slope,-0.01908876500641321
4,CPP_peak,aligned_z1_peak,0.9033404588699341
4,CPP_peak,aligned_z1_peak_time,-0.02298481948673725
4,CPP_peak,aligned_z2_late_mean,0.5409225821495056
4,CPP_peak,aligned_z2_slope,-0.041772012104230705
4,CPP_peak,aligned_z2_peak,0.9416946768760681
4,CPP_peak,aligned_z2_peak_time,-0.03473616763949394
4,CPP_peak,aligned_z3_late_mean,0.5353554487228394
4,CPP_peak,aligned_z3_slope,-0.051810692475234205
4,CPP_peak,aligned_z3_peak,0.9374621510505676
4,CPP_peak,aligned_z3_peak_time,-0.016707545146346092
4,CPP_peak,aligned_z4_late_mean,0.5121523141860962
4,CPP_peak,aligned_z4_slope,-0.02809750651735591
4,CPP_peak,aligned_z4_peak,0.8560153841972351
4,CPP_peak,aligned_z4_peak_time,-0.02149832807481289
4,CPP_peak,aligned_z5_late_mean,0.4773401618003845
4,CPP_peak,aligned_z5_slope,-0.02628964852187113
4,CPP_peak,aligned_z5_peak,0.6936174035072327
4,CPP_peak,aligned_z5_peak_time,-0.014166491106152534
4,CPP_peak_time,aligned_z1_late_mean,0.2497292011976242
4,CPP_peak_time,aligned_z1_slope,0.232057107746581
4,CPP_peak_time,aligned_z1_peak,-0.04144201800227165
4,CPP_peak_time,aligned_z1_peak_time,0.8195379376411438
4,CPP_peak_time,aligned_z2_late_mean,0.2720882296562195
4,CPP_peak_time,aligned_z2_slope,0.25649256916191704
4,CPP_peak_time,aligned_z2_peak,-0.04930257797241211
4,CPP_peak_time,aligned_z2_peak_time,0.8148703575134277
4,CPP_peak_time,aligned_z3_late_mean,0.25786292552948
4,CPP_peak_time,aligned_z3_slope,0.24606744798731764
4,CPP_peak_time,aligned_z3_peak,-0.05023598670959473
4,CPP_peak_time,aligned_z3_peak_time,0.702928900718689
4,CPP_peak_time,aligned_z4_late_mean,0.2670864462852478
4,CPP_peak_time,aligned_z4_slope,0.25474777159827255
4,CPP_peak_time,aligned_z4_peak,-0.03797689452767372
4,CPP_peak_time,aligned_z4_peak_time,0.6245158910751343
4,CPP_peak_time,aligned_z5_late_mean,0.22908473014831543
4,CPP_peak_time,aligned_z5_slope,0.2197966025345558
4,CPP_peak_time,aligned_z5_peak,-0.04486105591058731
4,CPP_peak_time,aligned_z5_peak_time,0.5170804262161255
