seed,model,fold,cv_r2,rmse,mae,n_test_subjects,n_test_trials,delta_r2_vs_cpp_only
0,baseline,1,0.04844258260989498,0.2984053727260659,0.24799386806876703,8,1434,-0.049498693635169455
0,baseline,2,0.031665278642812655,0.27131094828270325,0.2248654263708849,9,1543,-0.06627599760225178
0,baseline,3,0.05281374151946805,0.29214955136418985,0.23676151782589902,8,1432,-0.045127534725596385
0,baseline,4,0.049403082387079245,0.2534448395829877,0.21293564076677163,8,1453,-0.04853819385798519
0,baseline,5,0.054330455329260285,0.28846932802549397,0.2396034663266513,8,1435,-0.04361082091580415
0,baseline,pooled,0.055373352769649276,0.2810149530282976,0.23226798868582138,41,7297,-0.04256792347541516
0,CPP-only,1,0.12102275402776208,0.2867992129076116,0.23613676672737094,8,1434,0.023081477782697646
0,CPP-only,2,0.08172565533704912,0.26420485414486783,0.21690351310149192,9,1543,-0.016215620908015316
0,CPP-only,3,0.0901296322487859,0.28633688101537763,0.2285964051281299,8,1432,-0.007811643996278539
0,CPP-only,4,0.10411670403830453,0.24604297614306778,0.20413760770755424,8,1453,0.006175427793240096
0,CPP-only,5,0.05566592909285617,0.28826556798716246,0.23543669907621967,8,1435,-0.042275347152208265
0,CPP-only,pooled,0.09794127624506443,0.27461024705058135,0.22408056783878105,41,7297,0.0
0,z-only,1,0.1514382944978192,0.281793423388054,0.2306272755801942,8,1434,0.05349701825275477
0,z-only,2,0.1269497282020684,0.2576168069240968,0.20920264319304002,9,1543,0.029008451957003967
0,z-only,3,0.11470879459201533,0.28244286246860345,0.225267547701046,8,1432,0.016767518346950894
0,z-only,4,0.12738595888662207,0.24282665116002236,0.19878282736197006,8,1453,0.02944468264155764
0,z-only,5,0.07658830944119377,0.2850543190821698,0.2318802972395114,8,1435,-0.021352966803870665
0,z-only,pooled,0.12660313813302793,0.2702123204465789,0.2189505268784978,41,7297,0.02866186188796349
0,CPP + z,1,0.15003948718036497,0.28202558823240864,0.2306729766430579,8,1434,0.05209821093530054
0,CPP + z,2,0.12453796185838073,0.25797238956873825,0.2095927484038455,9,1543,0.026596685613316295
0,CPP + z,3,0.11333108143453396,0.28266254948879843,0.22564736138257302,8,1432,0.01538980518946953
0,CPP + z,4,0.12592288125078,0.2430301348493125,0.19855581533734315,8,1453,0.02798160500571556
0,CPP + z,5,0.06274375888475814,0.28718325394742267,0.23335236791803807,8,1435,-0.035197517360306296
0,CPP + z,pooled,0.12243897059672337,0.27085571145285553,0.21936082341245272,41,7297,0.02449769435165894
0,All-z,1,0.13830163695393816,0.2839662803832128,0.23107876506666203,8,1434,0.04036036070887372
0,All-z,2,0.10424181600271443,0.2609455886639755,0.21279025025202192,9,1543,0.006300539757649992
0,All-z,3,0.12125783220277264,0.28139622237863277,0.22353939131990724,8,1432,0.023316555957708207
0,All-z,4,0.14258384706055505,0.24070276689719014,0.1966003138194497,8,1453,0.04464257081549061
0,All-z,5,0.07837750738191462,0.28477802525898765,0.23130342044794905,8,1435,-0.01956376886314981
0,All-z,pooled,0.12354887401124826,0.27068437362949593,0.21891070000507573,41,7297,0.02560759776618382
0,Full,1,0.13127256529679987,0.28512211718129116,0.23153307535523424,8,1434,0.033331289051735435
0,Full,2,0.1075697926472402,0.2604603969321281,0.21238335402756808,9,1543,0.009628516402175769
0,Full,3,0.11780374988596332,0.28194872372349944,0.22438160079063635,8,1432,0.01986247364089888
0,Full,4,0.1370997274459096,0.2414713194272528,0.19742288035901653,8,1453,0.03915845120084516
0,Full,5,0.06703294965054818,0.28652537822362056,0.23280461215747428,8,1435,-0.030908326594516256
0,Full,pooled,0.11868087925120585,0.2714350518217837,0.21953822958253547,41,7297,0.020739603006141416
1,baseline,1,0.04844258260989498,0.2984053727260659,0.24799386806876703,8,1434,-0.04961867049322666
1,baseline,2,0.031665278642812655,0.27131094828270325,0.2248654263708849,9,1543,-0.06639597446030898
1,baseline,3,0.05281374151946805,0.29214955136418985,0.23676151782589902,8,1432,-0.04524751158365359
1,baseline,4,0.049403082387079245,0.2534448395829877,0.21293564076677163,8,1453,-0.04865817071604239
1,baseline,5,0.054330455329260285,0.28846932802549397,0.2396034663266513,8,1435,-0.04373079777386135
1,baseline,pooled,0.055373352769649276,0.2810149530282976,0.23226798868582138,41,7297,-0.04268790033347236
1,CPP-only,1,0.12112355707318101,0.2867827670535596,0.23610906057489048,8,1434,0.023062303970059372
1,CPP-only,2,0.0816883477297341,0.2642102211416115,0.21690665063625084,9,1543,-0.016372905373387536
1,CPP-only,3,0.09014038912296785,0.2863351884122248,0.22859008309259443,8,1432,-0.007920863980153792
1,CPP-only,4,0.1041534035795062,0.24603793655986692,0.20413174544188156,8,1453,0.006092150476384561
1,CPP-only,5,0.056133531641595735,0.28819418943113995,0.23538301270514292,8,1435,-0.0419277214615259
1,CPP-only,pooled,0.09806125310312164,0.27459198439796906,0.22406282076793987,41,7297,0.0
1,z-only,1,0.1404423260509804,0.2836133369679746,0.23280137424360908,8,1434,0.042381072947858756
1,z-only,2,0.08328006994903969,0.26398114222674157,0.21554562756879747,9,1543,-0.014781183154081945
1,z-only,3,0.08570491959340543,0.28703226680365257,0.22865860215199765,8,1432,-0.01235633350971621
1,z-only,4,0.11635402812804108,0.24435678534170094,0.20097134406090197,8,1453,0.01829277502491944
1,z-only,5,0.07142326842621138,0.2858504234501799,0.23263668918813915,8,1435,-0.026637984676910254
1,z-only,pooled,0.1068074853275447,0.2732573616481878,0.22196905635070863,41,7297,0.008746232224423056
1,CPP + z,1,0.1388307727482101,0.28387908061380157,0.23329725172701254,8,1434,0.04076951964508846
1,CPP + z,2,0.09282865733215773,0.26260272493870157,0.21514341696245878,9,1543,-0.00523259577096391
1,CPP + z,3,0.08797795852715473,0.2866752477496913,0.22865948948409714,8,1432,-0.010083294575966906
1,CPP + z,4,0.11424959882825825,0.24464758380318416,0.20211358644374303,8,1453,0.01618834572513661
1,CPP + z,5,0.04414118873582973,0.2900192435370266,0.23514185748948382,8,1435,-0.05392006436729191
1,CPP + z,pooled,0.10278370826079863,0.2738721737651602,0.2227017331630814,41,7297,0.004722455157676997
1,All-z,1,0.15470236431325457,0.281250929174582,0.23095802921805234,8,1434,0.05664111121013293
1,All-z,2,0.07655535943893266,0.2649476059452903,0.21662488439698882,9,1543,-0.02150589366418898
1,All-z,3,0.1014255512420057,0.2845539128530718,0.22680970804785222,8,1432,0.0033642981388840587
1,All-z,4,0.11341346255739959,0.2447630285524831,0.20169557827111997,8,1453,0.015352209454277954
1,All-z,5,0.07656231015985715,0.2850583320025972,0.2320580789653037,8,1435,-0.021498942943264487
1,All-z,pooled,0.11256729650173869,0.27237487754732315,0.22150260805686084,41,7297,0.014506043398617052
1,Full,1,0.1547771444718582,0.28123848831743414,0.2309845839647371,8,1434,0.05671589136873656
1,Full,2,0.09180751822677435,0.2627504800985802,0.2152935529179942,9,1543,-0.006253734876347283
1,Full,3,0.10353966359683964,0.28421897499665244,0.22644973179302913,8,1432,0.005478410493718
1,Full,4,0.11682363276661167,0.24429184625218373,0.2011575561939437,8,1453,0.018762379663490036
1,Full,5,0.06925349582028995,0.28618419690268676,0.23293601716950166,8,1435,-0.028807757282831692
1,Full,pooled,0.11499956969453373,0.2720013592673656,0.22122118340051403,41,7297,0.016938316591412095
2,baseline,1,0.04844258260989498,0.2984053727260659,0.24799386806876703,8,1434,-0.04961987328778972
2,baseline,2,0.031665278642812655,0.27131094828270325,0.2248654263708849,9,1543,-0.06639717725487204
2,baseline,3,0.05281374151946805,0.29214955136418985,0.23676151782589902,8,1432,-0.04524871437821665
2,baseline,4,0.049403082387079245,0.2534448395829877,0.21293564076677163,8,1453,-0.04865937351060545
2,baseline,5,0.054330455329260285,0.28846932802549397,0.2396034663266513,8,1435,-0.04373200056842441
2,baseline,pooled,0.055373352769649276,0.2810149530282976,0.23226798868582138,41,7297,-0.04268910312803542
2,CPP-only,1,0.12113572131765094,0.2867807824129499,0.23610688519488648,8,1434,0.023073265419966238
2,CPP-only,2,0.08166561745348389,0.2642134910196194,0.21690948748604924,9,1543,-0.016396838444200812
2,CPP-only,3,0.0901719954605863,0.2863302150706652,0.2285881440100765,8,1432,-0.007890460437098401
2,CPP-only,4,0.1041582223517078,0.24603727483811214,0.20413164053737656,8,1453,0.006095766454023099
2,CPP-only,5,0.05611148388955134,0.2881975553717347,0.23538650178903586,8,1435,-0.04195097200813336
2,CPP-only,pooled,0.0980624558976847,0.2745918013046841,0.22406327786089425,41,7297,0.0
2,z-only,1,0.13313111540648281,0.2848169596323807,0.23327835524192853,8,1434,0.03506865950879812
2,z-only,2,0.0797960001739475,0.2644823075604272,0.21570872234702798,9,1543,-0.018266455723737196
2,z-only,3,0.09767945646805454,0.2851464387436879,0.22717583271611866,8,1432,-0.00038299942963015976
2,z-only,4,0.11326355843672375,0.24478371995384215,0.20175354212758378,8,1453,0.015201102539039058
2,z-only,5,0.07550784696804613,0.2852210380317302,0.23333121963928463,8,1435,-0.022554608929638564
2,z-only,pooled,0.10741032994445643,0.2731651309521865,0.2220986308539981,41,7297,0.009347874046771731
2,CPP + z,1,0.13660329173003805,0.2842459811459147,0.23264418902287132,8,1434,0.03854083583235335
2,CPP + z,2,0.08475471442720683,0.2637687354729366,0.21516891900300977,9,1543,-0.013307741470477863
2,CPP + z,3,0.099153888990973,0.2849133724145276,0.22714704327171956,8,1432,0.0010914330932882965
2,CPP + z,4,0.11755068396616764,0.24419127220196007,0.2016910857975426,8,1453,0.019488228068482938
2,CPP + z,5,0.053663969452396154,0.2885709633540454,0.23520383076098364,8,1435,-0.04439848644528854
2,CPP + z,pooled,0.1056078373845113,0.2734408062185957,0.22221003424028846,41,7297,0.007545381486826597
2,All-z,1,0.1592886202187026,0.280486912423945,0.2295823262435004,8,1434,0.061226164321017906
2,All-z,2,0.07318796456024668,0.26543023982622793,0.21715698781572335,9,1543,-0.02487449133743802
2,All-z,3,0.11188749997558478,0.2828925566862405,0.2251135006761644,8,1432,0.013825044077900084
2,All-z,4,0.11938568797920412,0.2439372490278505,0.20059551097502232,8,1453,0.021323232081519428
2,All-z,5,0.08010640913160738,0.2845107876685958,0.2314176218083038,8,1435,-0.017956046766077316
2,All-z,pooled,0.11683659629255616,0.27171891121332237,0.220666902253355,41,7297,0.018774140394871464
2,Full,1,0.15829571084022165,0.28065249594768643,0.22964072040240302,8,1434,0.06023325494253695
2,Full,2,0.08311881871108917,0.26400435837643477,0.21625120040355597,9,1543,-0.014943637186595526
2,Full,3,0.10942391390830775,0.28328465088418553,0.22563385477419934,8,1432,0.011361458010623049
2,Full,4,0.12371841665276695,0.24333640871501444,0.20010947034618423,8,1453,0.025655960755082252
2,Full,5,0.05694936924170513,0.2880696111711027,0.23332567060034803,8,1435,-0.04111308665597957
2,Full,pooled,0.11391041116425116,0.2721686820719886,0.22086740757035647,41,7297,0.01584795526656646
3,baseline,1,0.04844258260989498,0.2984053727260659,0.24799386806876703,8,1434,-0.04949999900152313
3,baseline,2,0.031665278642812655,0.27131094828270325,0.2248654263708849,9,1543,-0.06627730296860546
3,baseline,3,0.05281374151946805,0.29214955136418985,0.23676151782589902,8,1432,-0.04512884009195006
3,baseline,4,0.049403082387079245,0.2534448395829877,0.21293564076677163,8,1453,-0.04853949922433887
3,baseline,5,0.054330455329260285,0.28846932802549397,0.2396034663266513,8,1435,-0.043612126282157826
3,baseline,pooled,0.055373352769649276,0.2810149530282976,0.23226798868582138,41,7297,-0.042569228841768836
3,CPP-only,1,0.12103741907699206,0.2867968203871346,0.23612768206416807,8,1434,0.023094837465573947
3,CPP-only,2,0.08171452353862696,0.26420645555423,0.21690457473962074,9,1543,-0.01622805807279115
3,CPP-only,3,0.09013761644032614,0.28633562469711543,0.22859565494008632,8,1432,-0.007804965171091971
3,CPP-only,4,0.1041240373150899,0.2460419691453117,0.20413688881125944,8,1453,0.00618145570367179
3,CPP-only,5,0.055653129756844,0.2882675215306579,0.235438334387728,8,1435,-0.04228945185457411
3,CPP-only,pooled,0.09794258161141811,0.27461004835669534,0.2240790382440188,41,7297,0.0
3,z-only,1,0.12269601845551015,0.28652610030616943,0.23442427595356466,8,1434,0.024753436844092036
3,z-only,2,0.0927412307415546,0.2626153785062961,0.21499210666190846,9,1543,-0.005201350869863508
3,z-only,3,0.07901716185309726,0.28808012584584974,0.22979679943600237,8,1432,-0.01892541975832085
3,z-only,4,0.10276475055038259,0.24622855458941878,0.20345516042365894,8,1453,0.004822168938964477
3,z-only,5,0.07505575401908193,0.285290768563976,0.23201204824543578,8,1435,-0.02288682759233618
3,z-only,pooled,0.10187287036764459,0.2740111535619299,0.22276605268149496,41,7297,0.003930288756226474
3,CPP + z,1,0.14072495391190243,0.28356670622794355,0.23226265583475808,8,1434,0.04278237230048432
3,CPP + z,2,0.10026924379473556,0.26152357858833086,0.21405094971677208,9,1543,0.0023266621833174517
3,CPP + z,3,0.09265391903768694,0.2859394076783299,0.22767003187822607,8,1432,-0.005288662573731173
3,CPP + z,4,0.11651315331295442,0.24433478271250603,0.20145369975845556,8,1453,0.01857057170153631
3,CPP + z,5,0.04843253645070833,0.2893674875285547,0.23425055857468252,8,1435,-0.04951004516070978
3,CPP + z,pooled,0.10687280016662326,0.2732473704723764,0.22176655157370803,41,7297,0.00893021855520515
3,All-z,1,0.14598974736944448,0.2826966623659021,0.23075418412888526,8,1434,0.04804716575802637
3,All-z,2,0.08195579137302966,0.26417174483051364,0.21483193896117594,9,1543,-0.01598679023838845
3,All-z,3,0.10746019354763048,0.28359680024863915,0.22550565273657328,8,1432,0.009517611936212367
3,All-z,4,0.13238653909029707,0.24212988333820915,0.19847651085496548,8,1453,0.03444395747887896
3,All-z,5,0.08100488367943437,0.2843718106430174,0.23121973007724173,8,1435,-0.016937697931983742
3,All-z,pooled,0.11693893773381314,0.2717031672917985,0.22002164718511658,41,7297,0.01899635612239503
3,Full,1,0.1481250155763726,0.2823430302054335,0.2304881094650137,8,1434,0.050182433964954476
3,Full,2,0.08805904709907553,0.2632921595435865,0.21432104392130336,9,1543,-0.009883534512342584
3,Full,3,0.10839538079162203,0.28344818748274053,0.22530632533460612,8,1432,0.01045279918020392
3,Full,4,0.13342071612762796,0.24198553344011717,0.19826651722452476,8,1453,0.03547813451620985
3,Full,5,0.0711565995955904,0.2858914657914311,0.2324267124101555,8,1435,-0.026785982015827714
3,Full,pooled,0.11690786953967136,0.27170794683245875,0.22001775516765307,41,7297,0.01896528792825325
4,baseline,1,0.04844258260989498,0.2984053727260659,0.24799386806876703,8,1434,-0.04950221893419704
4,baseline,2,0.031665278642812655,0.27131094828270325,0.2248654263708849,9,1543,-0.06627952290127936
4,baseline,3,0.05281374151946805,0.29214955136418985,0.23676151782589902,8,1432,-0.04513106002462397
4,baseline,4,0.049403082387079245,0.2534448395829877,0.21293564076677163,8,1453,-0.048541719157012775
4,baseline,5,0.054330455329260285,0.28846932802549397,0.2396034663266513,8,1435,-0.043614346214831734
4,baseline,pooled,0.055373352769649276,0.2810149530282976,0.23226798868582138,41,7297,-0.042571448774442744
4,CPP-only,1,0.12103688985291727,0.28679690672741937,0.2361333175945511,8,1434,0.023092088308825254
4,CPP-only,2,0.08172929921089722,0.26420432993872,0.2169032104361518,9,1543,-0.016215502333194798
4,CPP-only,3,0.09012826535593288,0.28633709609639524,0.22859668664112962,8,1432,-0.00781653618815914
4,CPP-only,4,0.1041152424030295,0.24604317685277405,0.20413794720813097,8,1453,0.006170440858937476
4,CPP-only,5,0.05566708582657376,0.2882653914359744,0.23543658163395426,8,1435,-0.04227771571751826
4,CPP-only,pooled,0.09794480154409202,0.27460971045348564,0.22407992576974167,41,7297,0.0
4,z-only,1,0.1266780124616178,0.2858751042755536,0.2350628139971905,8,1434,0.028733210917525787
4,z-only,2,0.07543653200107403,0.2651080600240021,0.2176260133001455,9,1543,-0.02250826954301799
4,z-only,3,0.08956463793297598,0.2864257692840405,0.22874439919614015,8,1432,-0.008380163611116043
4,z-only,4,0.10687061051334945,0.24566452235201278,0.20379565505196418,8,1453,0.008925808969257432
4,z-only,5,0.06643207640619997,0.2866176310646325,0.2351865183339454,8,1435,-0.03151272513789205
4,z-only,pooled,0.10052837033387285,0.27421617477724264,0.22393404605216993,41,7297,0.0025835687897808324
4,CPP + z,1,0.13200306119819571,0.285002215165508,0.23410728564253386,8,1434,0.034058259654103695
4,CPP + z,2,0.07911282508589923,0.2645804674248828,0.21720060118840565,9,1543,-0.01883197645819279
4,CPP + z,3,0.09192760011882584,0.2860538302016053,0.22828570907056472,8,1432,-0.006017201425266183
4,CPP + z,4,0.11018277124439313,0.24520857712345623,0.20334658003270148,8,1453,0.01223796970030111
4,CPP + z,5,0.03761536476002292,0.2910075669085668,0.23680837652725245,8,1435,-0.0603294367840691
4,CPP + z,pooled,0.09747455025611496,0.274681279657172,0.22379582180872615,41,7297,-0.0004702512879770637
4,All-z,1,0.14451949420939914,0.2829399012061004,0.23157892065244318,8,1434,0.046574692665307116
4,All-z,2,0.08612466135887209,0.26357125590409924,0.21599605414706702,9,1543,-0.01182014018521993
4,All-z,3,0.1007779686115241,0.2846564302256709,0.2267731888365862,8,1432,0.0028331670674320852
4,All-z,4,0.11535128842690512,0.2444953910642836,0.20140499723062488,8,1453,0.0174064868828131
4,All-z,5,0.07624655219440357,0.28510706390235274,0.23213084826976152,8,1435,-0.021698249349688448
4,All-z,pooled,0.11227678787961859,0.27241945601247325,0.2214409371552316,41,7297,0.01433198633552657
4,Full,1,0.14810650190402963,0.28234609824830653,0.23129216674291056,8,1434,0.05016170035993761
4,Full,2,0.08763938367434032,0.26335273439767387,0.2158360953581985,9,1543,-0.010305417869751698
4,Full,3,0.10137286963744996,0.2845622541413309,0.226629435298632,8,1432,0.003428068093357939
4,Full,4,0.11680037999929593,0.2442950621580207,0.2012151500013415,8,1453,0.018855578455203914
4,Full,5,0.070387378556375,0.28600982170525585,0.2328179079951626,8,1435,-0.027557422987717017
4,Full,pooled,0.11250333766056053,0.2723846926395493,0.22141986083591644,41,7297,0.014558536116468512
