seed,cpp_feature,z_feature,subject_level_corr,mean_within_subject_corr
0,CPP_late_mean,aligned_z1_late_mean,0.9116578698158264,0.942160955289515
0,CPP_late_mean,aligned_z1_slope,0.05247424805396872,0.5161732682532931
0,CPP_late_mean,aligned_z1_peak,0.7253024578094482,0.5024457726536727
0,CPP_late_mean,aligned_z1_peak_time,0.05714421719312668,0.32155159842677233
0,CPP_late_mean,aligned_z2_late_mean,0.9845035672187805,0.9539409904945187
0,CPP_late_mean,aligned_z2_slope,-0.005802565981788632,0.5126505099938644
0,CPP_late_mean,aligned_z2_peak,0.7185045480728149,0.5234748183227167
0,CPP_late_mean,aligned_z2_peak_time,0.0742211639881134,0.3179025235699444
0,CPP_late_mean,aligned_z3_late_mean,0.9661417603492737,0.8911342933410551
0,CPP_late_mean,aligned_z3_slope,0.1000078356551383,0.49093570110812185
0,CPP_late_mean,aligned_z3_peak,0.7068141102790833,0.4900394396447554
0,CPP_late_mean,aligned_z3_peak_time,0.30273544788360596,0.31881406848750465
0,CPP_late_mean,aligned_z4_late_mean,0.9550326466560364,0.8877776715813613
0,CPP_late_mean,aligned_z4_slope,-0.0652145338078369,0.5009208711933453
0,CPP_late_mean,aligned_z4_peak,0.6777732372283936,0.4970246662453907
0,CPP_late_mean,aligned_z4_peak_time,0.10150881111621857,0.3142370708831927
0,CPP_late_mean,aligned_z5_late_mean,0.9583797454833984,0.8927396419571667
0,CPP_late_mean,aligned_z5_slope,-0.10787645790793156,0.48009732945822403
0,CPP_late_mean,aligned_z5_peak,0.6699031591415405,0.4917254644196208
0,CPP_late_mean,aligned_z5_peak_time,0.14743661880493164,0.2800482551499111
0,CPP_slope,aligned_z1_late_mean,-0.016365720192202973,0.4668310951534726
0,CPP_slope,aligned_z1_slope,0.959116033281594,0.9298615014166146
0,CPP_slope,aligned_z1_peak,-0.25113458357976204,-0.04602497633709402
0,CPP_slope,aligned_z1_peak_time,0.5484811240298846,0.25182038895574216
0,CPP_slope,aligned_z2_late_mean,-0.06405943595623054,0.48726096378940126
0,CPP_slope,aligned_z2_slope,0.9812979768534564,0.948672826990966
0,CPP_slope,aligned_z2_peak,-0.2122220392928221,-0.03551861548732102
0,CPP_slope,aligned_z2_peak_time,0.5477704635795212,0.251217358647649
0,CPP_slope,aligned_z3_late_mean,-0.11156727561709506,0.45233873378474587
0,CPP_slope,aligned_z3_slope,0.9529376880288742,0.8855893363543242
0,CPP_slope,aligned_z3_peak,-0.23109248177904643,-0.026646672077589854
0,CPP_slope,aligned_z3_peak_time,0.512437862663907,0.2359763673442022
0,CPP_slope,aligned_z4_late_mean,-0.03630933445958323,0.4286316781293949
0,CPP_slope,aligned_z4_slope,0.9400459304762109,0.881684924360903
0,CPP_slope,aligned_z4_peak,-0.2647080663319835,-0.04681904274434782
0,CPP_slope,aligned_z4_peak_time,0.5722995519520584,0.24031204226652184
0,CPP_slope,aligned_z5_late_mean,-0.1355169519494233,0.4490612709691052
0,CPP_slope,aligned_z5_slope,0.9045689239609748,0.8874392307477456
0,CPP_slope,aligned_z5_peak,-0.2390786414892195,-0.0361309984948964
0,CPP_slope,aligned_z5_peak_time,0.4670735241731654,0.2136415068274761
0,CPP_peak,aligned_z1_late_mean,0.44317591190338135,0.4621299098177654
0,CPP_peak,aligned_z1_slope,-0.09678239750808061,-0.0037622438182587743
0,CPP_peak,aligned_z1_peak,0.9564806222915649,0.8228289906571551
0,CPP_peak,aligned_z1_peak_time,-0.2357846051454544,-0.011283858151106937
0,CPP_peak,aligned_z2_late_mean,0.7690209746360779,0.5105814454032154
0,CPP_peak,aligned_z2_slope,-0.19875358287334732,-0.02602660219679496
0,CPP_peak,aligned_z2_peak,0.9815473556518555,0.9431213940062174
0,CPP_peak,aligned_z2_peak_time,-0.23449759185314178,-0.02342728752552009
0,CPP_peak,aligned_z3_late_mean,0.6631186604499817,0.45485957548385714
0,CPP_peak,aligned_z3_slope,-0.11394859757454545,-0.016584679703375578
0,CPP_peak,aligned_z3_peak,0.9047933220863342,0.781704678404622
0,CPP_peak,aligned_z3_peak_time,0.02495490573346615,0.009412062127234005
0,CPP_peak,aligned_z4_late_mean,0.7465431690216064,0.5027348718992094
0,CPP_peak,aligned_z4_slope,-0.2343139738962087,-0.010931703224571978
0,CPP_peak,aligned_z4_peak,0.8962306976318359,0.84077130585182
0,CPP_peak,aligned_z4_peak_time,-0.24191434681415558,0.002967181961938012
0,CPP_peak,aligned_z5_late_mean,0.7735680937767029,0.4775561610373055
0,CPP_peak,aligned_z5_slope,-0.30735902945651694,-0.02390187820884072
0,CPP_peak,aligned_z5_peak,0.9475215077400208,0.8499351609043959
0,CPP_peak,aligned_z5_peak_time,-0.1928534358739853,-0.012315332931438007
0,CPP_peak_time,aligned_z1_late_mean,0.18270647525787354,0.27311991300524735
0,CPP_peak_time,aligned_z1_slope,0.4543996199933183,0.23758385997810966
0,CPP_peak_time,aligned_z1_peak,-0.2146511971950531,-0.014646114463486322
0,CPP_peak_time,aligned_z1_peak_time,0.9348843693733215,0.7086882961959373
0,CPP_peak_time,aligned_z2_late_mean,0.0908452570438385,0.3029498824986016
0,CPP_peak_time,aligned_z2_slope,0.5770643389602493,0.2574653832607504
0,CPP_peak_time,aligned_z2_peak,-0.21953634917736053,-0.025972514208860514
0,CPP_peak_time,aligned_z2_peak_time,0.9628468751907349,0.8144933406899615
0,CPP_peak_time,aligned_z3_late_mean,0.08799300342798233,0.2715258368449967
0,CPP_peak_time,aligned_z3_slope,0.5694148443454626,0.24406837413831925
0,CPP_peak_time,aligned_z3_peak,-0.1829928159713745,-0.015467224892501423
0,CPP_peak_time,aligned_z3_peak_time,0.8527317047119141,0.6360761248847333
0,CPP_peak_time,aligned_z4_late_mean,0.09527889639139175,0.2850893503282128
0,CPP_peak_time,aligned_z4_slope,0.5062662345027423,0.2521329887400597
0,CPP_peak_time,aligned_z4_peak,-0.22091177105903625,-0.02646210015092681
0,CPP_peak_time,aligned_z4_peak_time,0.929297685623169,0.6823237712790327
0,CPP_peak_time,aligned_z5_late_mean,0.013508906587958336,0.27396964881478286
0,CPP_peak_time,aligned_z5_slope,0.5077087475096383,0.23176291262036036
0,CPP_peak_time,aligned_z5_peak,-0.23258064687252045,-0.03741195475364604
0,CPP_peak_time,aligned_z5_peak_time,0.8966370224952698,0.6528422461777199
1,CPP_late_mean,aligned_z1_late_mean,0.9624572396278381,0.9080634858550095
1,CPP_late_mean,aligned_z1_slope,-0.074573616165229,0.5019363081873154
1,CPP_late_mean,aligned_z1_peak,0.6292229294776917,0.48763831650338524
1,CPP_late_mean,aligned_z1_peak_time,0.008483055979013443,0.3060874317477389
1,CPP_late_mean,aligned_z2_late_mean,0.9700825810432434,0.9509317729531265
1,CPP_late_mean,aligned_z2_slope,-0.08713643684379224,0.5014962838750017
1,CPP_late_mean,aligned_z2_peak,0.7212194204330444,0.5210111446496917
1,CPP_late_mean,aligned_z2_peak_time,0.15718266367912292,0.31305583802665155
1,CPP_late_mean,aligned_z3_late_mean,0.9685922861099243,0.943471008684577
1,CPP_late_mean,aligned_z3_slope,0.058634564020176125,0.5025154502782554
1,CPP_late_mean,aligned_z3_peak,0.731436014175415,0.5175226359832578
1,CPP_late_mean,aligned_z3_peak_time,0.22182582318782806,0.31381636567232085
1,CPP_late_mean,aligned_z4_late_mean,0.8963611721992493,0.8165293386796626
1,CPP_late_mean,aligned_z4_slope,0.05874464322207281,0.4596047468023068
1,CPP_late_mean,aligned_z4_peak,0.626797080039978,0.41679954038160605
1,CPP_late_mean,aligned_z4_peak_time,0.01662437804043293,0.27813398092985153
1,CPP_late_mean,aligned_z5_late_mean,0.9180876612663269,0.837431285439468
1,CPP_late_mean,aligned_z5_slope,-0.03737126108450975,0.46734515217359424
1,CPP_late_mean,aligned_z5_peak,0.4648338556289673,0.42046328070687083
1,CPP_late_mean,aligned_z5_peak_time,0.2371680587530136,0.2500498198517939
1,CPP_slope,aligned_z1_late_mean,-0.014150620030717657,0.44603759595793263
1,CPP_slope,aligned_z1_slope,0.9505528946460904,0.9104568678177263
1,CPP_slope,aligned_z1_peak,-0.2482053106655419,-0.04506650296871625
1,CPP_slope,aligned_z1_peak_time,0.5699170608863543,0.2439243433436074
1,CPP_slope,aligned_z2_late_mean,-0.11886612153595487,0.486331726750649
1,CPP_slope,aligned_z2_slope,0.9625433938549761,0.9438247432182031
1,CPP_slope,aligned_z2_peak,-0.23352556357621054,-0.036640618167920476
1,CPP_slope,aligned_z2_peak_time,0.5350226645785159,0.23952913109158475
1,CPP_slope,aligned_z3_late_mean,-0.07574221481908663,0.4811307752100332
1,CPP_slope,aligned_z3_slope,0.9775729724832674,0.937750158226544
1,CPP_slope,aligned_z3_peak,-0.2334885801661107,-0.037937134611652636
1,CPP_slope,aligned_z3_peak_time,0.5426963657260516,0.2499895981445406
1,CPP_slope,aligned_z4_late_mean,-0.003973630655270965,0.40518338332116693
1,CPP_slope,aligned_z4_slope,0.8989651290636502,0.8081481726676312
1,CPP_slope,aligned_z4_peak,-0.1464357193441788,-0.03797520932897333
1,CPP_slope,aligned_z4_peak_time,0.5205343317786068,0.20846928668658546
1,CPP_slope,aligned_z5_late_mean,-0.13724677059386173,0.40531723376983597
1,CPP_slope,aligned_z5_slope,0.8369360211188654,0.8295759527974865
1,CPP_slope,aligned_z5_peak,-0.24023145748988867,-0.04715179788246653
1,CPP_slope,aligned_z5_peak_time,0.3942669044519729,0.1805446635789957
1,CPP_peak,aligned_z1_late_mean,0.6663918495178223,0.48964874628113536
1,CPP_peak,aligned_z1_slope,-0.22167319943404834,-0.011944509819883419
1,CPP_peak,aligned_z1_peak,0.8454604744911194,0.8563894193346907
1,CPP_peak,aligned_z1_peak_time,-0.3050997257232666,-0.01352087970505037
1,CPP_peak,aligned_z2_late_mean,0.8313934206962585,0.5203155199202095
1,CPP_peak,aligned_z2_slope,-0.3111060044699106,-0.03512497967658067
1,CPP_peak,aligned_z2_peak,0.9913000464439392,0.9562578521123747
1,CPP_peak,aligned_z2_peak_time,-0.17112216353416443,-0.011420524656409171
1,CPP_peak,aligned_z3_late_mean,0.6000744104385376,0.4681987159135865
1,CPP_peak,aligned_z3_slope,-0.11749881608928217,-0.020922538059433764
1,CPP_peak,aligned_z3_peak,0.9788122773170471,0.9074225534753102
1,CPP_peak,aligned_z3_peak_time,-0.1126333549618721,-0.021962018717625518
1,CPP_peak,aligned_z4_late_mean,0.6338633298873901,0.44034879309375113
1,CPP_peak,aligned_z4_slope,-0.10680826449425289,-0.00906311365685105
1,CPP_peak,aligned_z4_peak,0.8987728357315063,0.6863943778160142
1,CPP_peak,aligned_z4_peak_time,-0.24545800685882568,0.007959687730252015
1,CPP_peak,aligned_z5_late_mean,0.5647071003913879,0.4261536336526638
1,CPP_peak,aligned_z5_slope,-0.213744153158462,-0.005329634189320679
1,CPP_peak,aligned_z5_peak,0.6734300255775452,0.6228746088539682
1,CPP_peak,aligned_z5_peak_time,-0.0679188221693039,-0.003069638138318934
1,CPP_peak_time,aligned_z1_late_mean,0.13004827499389648,0.2782402747287983
1,CPP_peak_time,aligned_z1_slope,0.47096261018093594,0.2420924096314401
1,CPP_peak_time,aligned_z1_peak,-0.22248703241348267,-0.02427216673769602
1,CPP_peak_time,aligned_z1_peak_time,0.9265492558479309,0.7001489778844322
1,CPP_peak_time,aligned_z2_late_mean,0.023298803716897964,0.30303196281921574
1,CPP_peak_time,aligned_z2_slope,0.5963921368934553,0.25398508166788275
1,CPP_peak_time,aligned_z2_peak,-0.2364976406097412,-0.038581073647592126
1,CPP_peak_time,aligned_z2_peak_time,0.9559630155563354,0.8033580561963524
1,CPP_peak_time,aligned_z3_late_mean,0.1269853413105011,0.28012658546610575
1,CPP_peak_time,aligned_z3_slope,0.5387208555475386,0.24146264866857645
1,CPP_peak_time,aligned_z3_peak,-0.22652101516723633,-0.02066099479022186
1,CPP_peak_time,aligned_z3_peak_time,0.9498536586761475,0.77313785218611
1,CPP_peak_time,aligned_z4_late_mean,0.14760994911193848,0.26253063086329437
1,CPP_peak_time,aligned_z4_slope,0.5096282687666845,0.2332919275079651
1,CPP_peak_time,aligned_z4_peak,-0.1797540932893753,-0.02049099256443541
1,CPP_peak_time,aligned_z4_peak_time,0.9059766530990601,0.5093404990507335
1,CPP_peak_time,aligned_z5_late_mean,0.05208323523402214,0.23873321421262694
1,CPP_peak_time,aligned_z5_slope,0.40530275872805666,0.21068533337587095
1,CPP_peak_time,aligned_z5_peak,-0.2054734230041504,-0.02148979990501752
1,CPP_peak_time,aligned_z5_peak_time,0.7380529046058655,0.4593466058736894
2,CPP_late_mean,aligned_z1_late_mean,0.9714992046356201,0.914825497603998
2,CPP_late_mean,aligned_z1_slope,-0.07918666883930339,0.49681073660320785
2,CPP_late_mean,aligned_z1_peak,0.6417194604873657,0.48127084316276925
2,CPP_late_mean,aligned_z1_peak_time,0.1517978310585022,0.2825185329448886
2,CPP_late_mean,aligned_z2_late_mean,0.9537302255630493,0.9402484414054126
2,CPP_late_mean,aligned_z2_slope,-0.10524337817101011,0.5078385565293643
2,CPP_late_mean,aligned_z2_peak,0.7250595688819885,0.5272146739610811
2,CPP_late_mean,aligned_z2_peak_time,0.1786489486694336,0.33023605731929223
2,CPP_late_mean,aligned_z3_late_mean,0.9681233763694763,0.8966879074166461
2,CPP_late_mean,aligned_z3_slope,0.009118851885384253,0.4751689810559278
2,CPP_late_mean,aligned_z3_peak,0.7131712436676025,0.4902421352339954
2,CPP_late_mean,aligned_z3_peak_time,0.2625488042831421,0.30309953195292777
2,CPP_late_mean,aligned_z4_late_mean,0.8975683450698853,0.8435285854630354
2,CPP_late_mean,aligned_z4_slope,0.07782809473703321,0.46637386188431573
2,CPP_late_mean,aligned_z4_peak,0.6595118045806885,0.4469645528531656
2,CPP_late_mean,aligned_z4_peak_time,0.0814446359872818,0.28878419646402687
2,CPP_late_mean,aligned_z5_late_mean,0.8115107417106628,0.6868317345293556
2,CPP_late_mean,aligned_z5_slope,0.071683628487685,0.3954979731351364
2,CPP_late_mean,aligned_z5_peak,0.49172693490982056,0.3355647176504135
2,CPP_late_mean,aligned_z5_peak_time,0.14853668212890625,0.18577981285932588
2,CPP_slope,aligned_z1_late_mean,-0.09305849097339963,0.45553756376432486
2,CPP_slope,aligned_z1_slope,0.9373398124797354,0.9150078540222153
2,CPP_slope,aligned_z1_peak,-0.2431630177816932,-0.038932189034505585
2,CPP_slope,aligned_z1_peak_time,0.514849085457126,0.21364965144526962
2,CPP_slope,aligned_z2_late_mean,-0.11735624712930678,0.4691584440287703
2,CPP_slope,aligned_z2_slope,0.9498479989776536,0.9230782900243173
2,CPP_slope,aligned_z2_peak,-0.23713941899261057,-0.04132391251109462
2,CPP_slope,aligned_z2_peak_time,0.5098998617563961,0.25122943861236496
2,CPP_slope,aligned_z3_late_mean,-0.133134417768789,0.4633631366915683
2,CPP_slope,aligned_z3_slope,0.9509785498465243,0.8973756133686184
2,CPP_slope,aligned_z3_peak,-0.2274905131734168,-0.03055670685567995
2,CPP_slope,aligned_z3_peak_time,0.5014938100566323,0.241190375493022
2,CPP_slope,aligned_z4_late_mean,0.0019474075333635044,0.41877791269335124
2,CPP_slope,aligned_z4_slope,0.9171444116205053,0.8358563376251595
2,CPP_slope,aligned_z4_peak,-0.15175407250787531,-0.03819568474011468
2,CPP_slope,aligned_z4_peak_time,0.5233557051893795,0.2257829339060377
2,CPP_slope,aligned_z5_late_mean,-0.206035945563298,0.34239466854269424
2,CPP_slope,aligned_z5_slope,0.6637029630029222,0.6732530792091311
2,CPP_slope,aligned_z5_peak,-0.1424055400106456,-0.00458959548063935
2,CPP_slope,aligned_z5_peak_time,0.20440354980035938,0.1342486948973301
2,CPP_peak,aligned_z1_late_mean,0.6587494611740112,0.4683478801715665
2,CPP_peak,aligned_z1_slope,-0.2513365558056556,-0.01645860953214731
2,CPP_peak,aligned_z1_peak,0.9106773734092712,0.8196402163040347
2,CPP_peak,aligned_z1_peak_time,-0.18132087588310242,-0.00997785969478328
2,CPP_peak,aligned_z2_late_mean,0.8689512014389038,0.5410025301502972
2,CPP_peak,aligned_z2_slope,-0.33906236937403844,-0.0324121518291546
2,CPP_peak,aligned_z2_peak,0.9847700595855713,0.9381695738652858
2,CPP_peak,aligned_z2_peak_time,-0.1346883624792099,-0.0021741565816649575
2,CPP_peak,aligned_z3_late_mean,0.7799329161643982,0.4716350236317007
2,CPP_peak,aligned_z3_slope,-0.2065132908400049,-0.03298894839663844
2,CPP_peak,aligned_z3_peak,0.967401921749115,0.8635776915201326
2,CPP_peak,aligned_z3_peak_time,-0.07254426926374435,-0.004228413644496624
2,CPP_peak,aligned_z4_late_mean,0.5191998481750488,0.43231163501012615
2,CPP_peak,aligned_z4_slope,-0.06650526289481884,-0.0068824967283481215
2,CPP_peak,aligned_z4_peak,0.9191828370094299,0.7125274771597327
2,CPP_peak,aligned_z4_peak_time,-0.18539826571941376,0.006089151944828833
2,CPP_peak,aligned_z5_late_mean,0.5818036198616028,0.34797036847690255
2,CPP_peak,aligned_z5_slope,-0.13889005011687017,-0.003046682732752737
2,CPP_peak,aligned_z5_peak,0.7782936096191406,0.4687877479122906
2,CPP_peak,aligned_z5_peak_time,-0.05057566240429878,-0.00895949739326791
2,CPP_peak_time,aligned_z1_late_mean,0.07278623431921005,0.26761055465151623
2,CPP_peak_time,aligned_z1_slope,0.4595459896252168,0.2287651416069131
2,CPP_peak_time,aligned_z1_peak,-0.2517601251602173,-0.03571795708522564
2,CPP_peak_time,aligned_z1_peak_time,0.8876377940177917,0.6454032928478427
2,CPP_peak_time,aligned_z2_late_mean,0.006675667129456997,0.3112085388927925
2,CPP_peak_time,aligned_z2_slope,0.61479980203319,0.26531236495246796
2,CPP_peak_time,aligned_z2_peak,-0.2349540740251541,-0.04147745403120431
2,CPP_peak_time,aligned_z2_peak_time,0.9344602227210999,0.7983358444237127
2,CPP_peak_time,aligned_z3_late_mean,0.03491184860467911,0.2790990116460839
2,CPP_peak_time,aligned_z3_slope,0.6013622498856624,0.2426028018727231
2,CPP_peak_time,aligned_z3_peak,-0.22175189852714539,-0.032378254049434896
2,CPP_peak_time,aligned_z3_peak_time,0.8811963796615601,0.6715938725122591
2,CPP_peak_time,aligned_z4_late_mean,0.18004421889781952,0.25801066109320014
2,CPP_peak_time,aligned_z4_slope,0.48956721935200126,0.2287270339656073
2,CPP_peak_time,aligned_z4_peak,-0.16814783215522766,-0.014160406026171475
2,CPP_peak_time,aligned_z4_peak_time,0.9020218849182129,0.5276298190398914
2,CPP_peak_time,aligned_z5_late_mean,-0.02218087762594223,0.20222364556862088
2,CPP_peak_time,aligned_z5_slope,0.40035819429426867,0.18827554619521078
2,CPP_peak_time,aligned_z5_peak,-0.15378141403198242,-0.008103392382220524
2,CPP_peak_time,aligned_z5_peak_time,0.549706220626831,0.3083418064364573
3,CPP_late_mean,aligned_z1_late_mean,0.9752846956253052,0.9448753420899554
3,CPP_late_mean,aligned_z1_slope,-0.09594468396861644,0.5138305327835432
3,CPP_late_mean,aligned_z1_peak,0.7037979364395142,0.5176801448915063
3,CPP_late_mean,aligned_z1_peak_time,0.15583722293376923,0.3202379633013795
3,CPP_late_mean,aligned_z2_late_mean,0.9325835704803467,0.7818691901317457
3,CPP_late_mean,aligned_z2_slope,0.07691285608198657,0.4317089024646563
3,CPP_late_mean,aligned_z2_peak,0.5941517353057861,0.4515806748191031
3,CPP_late_mean,aligned_z2_peak_time,0.19051344692707062,0.2859124119688825
3,CPP_late_mean,aligned_z3_late_mean,0.9773738980293274,0.9353981003528689
3,CPP_late_mean,aligned_z3_slope,0.04580832915881219,0.5025906555054312
3,CPP_late_mean,aligned_z3_peak,0.7274066209793091,0.5109305505345507
3,CPP_late_mean,aligned_z3_peak_time,0.2793090045452118,0.3115331290698633
3,CPP_late_mean,aligned_z4_late_mean,0.9177532196044922,0.8955827064630462
3,CPP_late_mean,aligned_z4_slope,0.010343688839979867,0.4854966205668329
3,CPP_late_mean,aligned_z4_peak,0.6899411082267761,0.46127751760366487
3,CPP_late_mean,aligned_z4_peak_time,-0.1055990681052208,0.29002644412401246
3,CPP_late_mean,aligned_z5_late_mean,0.921902596950531,0.8976750155774559
3,CPP_late_mean,aligned_z5_slope,0.0878607078697794,0.5048204510721319
3,CPP_late_mean,aligned_z5_peak,0.686495840549469,0.48071840768907126
3,CPP_late_mean,aligned_z5_peak_time,0.42236843705177307,0.3295313919462809
3,CPP_slope,aligned_z1_late_mean,-0.10025867297910715,0.4782079695029315
3,CPP_slope,aligned_z1_slope,0.9629850119488229,0.9342029540325115
3,CPP_slope,aligned_z1_peak,-0.2278729432588581,-0.0375980224314683
3,CPP_slope,aligned_z1_peak_time,0.521321290907304,0.24226286092215246
3,CPP_slope,aligned_z2_late_mean,-0.04894969606339619,0.40175379600090183
3,CPP_slope,aligned_z2_slope,0.9007764643643347,0.7838393698183312
3,CPP_slope,aligned_z2_peak,-0.15497821743237933,-0.024835030895729287
3,CPP_slope,aligned_z2_peak_time,0.5187295515628874,0.22169061318207306
3,CPP_slope,aligned_z3_late_mean,-0.11011885185970609,0.4771201267212897
3,CPP_slope,aligned_z3_slope,0.9711335864525906,0.9299303050924432
3,CPP_slope,aligned_z3_peak,-0.2296000587264871,-0.03433682345921233
3,CPP_slope,aligned_z3_peak_time,0.5162712116426774,0.2441471658990867
3,CPP_slope,aligned_z4_late_mean,0.020233092524551705,0.4512477439243105
3,CPP_slope,aligned_z4_slope,0.9356060797240844,0.8940125749421847
3,CPP_slope,aligned_z4_peak,-0.20378862150096813,-0.039234220368269415
3,CPP_slope,aligned_z4_peak_time,0.5525469556083177,0.24479462746734965
3,CPP_slope,aligned_z5_late_mean,-0.1343703482036095,0.44898784236899925
3,CPP_slope,aligned_z5_slope,0.9141698074958003,0.8799226537591751
3,CPP_slope,aligned_z5_peak,-0.23296736383934605,-0.02878450558099492
3,CPP_slope,aligned_z5_peak_time,0.4635695722492925,0.23783719167357598
3,CPP_peak,aligned_z1_late_mean,0.826590359210968,0.5173292385368813
3,CPP_peak,aligned_z1_slope,-0.3117194523356655,-0.021556343800660276
3,CPP_peak,aligned_z1_peak,0.9737389087677002,0.9199522064953316
3,CPP_peak,aligned_z1_peak_time,-0.188395157456398,-0.00024314256521259866
3,CPP_peak,aligned_z2_late_mean,0.7396196722984314,0.423031669019199
3,CPP_peak,aligned_z2_slope,-0.11218824319756492,-0.0206278374075161
3,CPP_peak,aligned_z2_peak,0.8160784244537354,0.7655933570207619
3,CPP_peak,aligned_z2_peak_time,-0.05363473296165466,-0.0042094968986220475
3,CPP_peak,aligned_z3_late_mean,0.6802253127098083,0.47551963024023103
3,CPP_peak,aligned_z3_slope,-0.16025737074547233,-0.02384867238288857
3,CPP_peak,aligned_z3_peak,0.9677862524986267,0.8819718200985979
3,CPP_peak,aligned_z3_peak_time,-0.043025869876146317,-0.011535133076150244
3,CPP_peak,aligned_z4_late_mean,0.5330246686935425,0.45494795645155556
3,CPP_peak,aligned_z4_slope,-0.12641691946225025,-0.011468103914147453
3,CPP_peak,aligned_z4_peak,0.9613355398178101,0.8071406948857192
3,CPP_peak,aligned_z4_peak_time,-0.3326667249202728,-0.02828214719618966
3,CPP_peak,aligned_z5_late_mean,0.5884095430374146,0.4464234651588812
3,CPP_peak,aligned_z5_slope,-0.13580460977917536,-0.004979037058347009
3,CPP_peak,aligned_z5_peak,0.8814217448234558,0.7205092994178214
3,CPP_peak,aligned_z5_peak_time,0.09224871546030045,0.03471396827116245
3,CPP_peak_time,aligned_z1_late_mean,0.031224112957715988,0.30061714205800033
3,CPP_peak_time,aligned_z1_slope,0.5497240264476136,0.25386004968208375
3,CPP_peak_time,aligned_z1_peak,-0.21959002315998077,-0.04041446963461434
3,CPP_peak_time,aligned_z1_peak_time,0.9512913227081299,0.7892168207866389
3,CPP_peak_time,aligned_z2_late_mean,0.10518968850374222,0.25790679200393396
3,CPP_peak_time,aligned_z2_slope,0.5812028905058354,0.2311254638208574
3,CPP_peak_time,aligned_z2_peak,-0.1636228859424591,-0.014842034771856739
3,CPP_peak_time,aligned_z2_peak_time,0.8745520114898682,0.5592754555911552
3,CPP_peak_time,aligned_z3_late_mean,0.08572813123464584,0.2835187979224252
3,CPP_peak_time,aligned_z3_slope,0.5703020253390405,0.24687647515060288
3,CPP_peak_time,aligned_z3_peak,-0.2129911184310913,-0.02335542835658643
3,CPP_peak_time,aligned_z3_peak_time,0.9163569211959839,0.7282797581538921
3,CPP_peak_time,aligned_z4_late_mean,0.18887537717819214,0.2707005839158849
3,CPP_peak_time,aligned_z4_slope,0.47173199160071716,0.2315379918965414
3,CPP_peak_time,aligned_z4_peak,-0.2206733524799347,-0.01651442966355783
3,CPP_peak_time,aligned_z4_peak_time,0.8891773819923401,0.6229262264763437
3,CPP_peak_time,aligned_z5_late_mean,0.07070568203926086,0.26699049807176356
3,CPP_peak_time,aligned_z5_slope,0.5113042551732572,0.23954728726620814
3,CPP_peak_time,aligned_z5_peak,-0.17828470468521118,-0.02401298246482705
3,CPP_peak_time,aligned_z5_peak_time,0.7982223033905029,0.593582933268896
4,CPP_late_mean,aligned_z1_late_mean,0.9052783250808716,0.9570702139924212
4,CPP_late_mean,aligned_z1_slope,0.04425213149887194,0.5072876009517729
4,CPP_late_mean,aligned_z1_peak,0.7194980382919312,0.5288626100958848
4,CPP_late_mean,aligned_z1_peak_time,0.1825147271156311,0.3055498999793355
4,CPP_late_mean,aligned_z2_late_mean,0.9934772849082947,0.9567337181509995
4,CPP_late_mean,aligned_z2_slope,-0.09305845099338463,0.5197540136010881
4,CPP_late_mean,aligned_z2_peak,0.7143478989601135,0.5210166377265278
4,CPP_late_mean,aligned_z2_peak_time,0.07237425446510315,0.32161529325857396
4,CPP_late_mean,aligned_z3_late_mean,0.963473916053772,0.9028683108527485
4,CPP_late_mean,aligned_z3_slope,-0.055473022934093646,0.46484514147539263
4,CPP_late_mean,aligned_z3_peak,0.7096596956253052,0.4873886402787232
4,CPP_late_mean,aligned_z3_peak_time,0.1865980476140976,0.2868252011334024
4,CPP_late_mean,aligned_z4_late_mean,0.9375341534614563,0.8668973075180519
4,CPP_late_mean,aligned_z4_slope,-0.002789530575232773,0.4722932978771103
4,CPP_late_mean,aligned_z4_peak,0.6945095062255859,0.47674410444934195
4,CPP_late_mean,aligned_z4_peak_time,0.0262417271733284,0.29543963665278944
4,CPP_late_mean,aligned_z5_late_mean,0.9446013569831848,0.7857404554762492
4,CPP_late_mean,aligned_z5_slope,-0.1278337135649612,0.4466786321849332
4,CPP_late_mean,aligned_z5_peak,0.5021523237228394,0.44889341912618497
4,CPP_late_mean,aligned_z5_peak_time,0.18951627612113953,0.26967728428724336
4,CPP_slope,aligned_z1_late_mean,-0.07089613038878116,0.4846707287778381
4,CPP_slope,aligned_z1_slope,0.9641920639967356,0.9490030240691768
4,CPP_slope,aligned_z1_peak,-0.25759349829682643,-0.03768730393644908
4,CPP_slope,aligned_z1_peak_time,0.584185269657254,0.2461849458548348
4,CPP_slope,aligned_z2_late_mean,-0.06974026851593991,0.4731802451237836
4,CPP_slope,aligned_z2_slope,0.9793547135547663,0.9554745159575811
4,CPP_slope,aligned_z2_peak,-0.26240500163568375,-0.04246883746051999
4,CPP_slope,aligned_z2_peak_time,0.5391364092522342,0.25280595888566826
4,CPP_slope,aligned_z3_late_mean,-0.13975550664380498,0.4710484993194302
4,CPP_slope,aligned_z3_slope,0.9424945174468419,0.9032824349752198
4,CPP_slope,aligned_z3_peak,-0.22741903705633282,-0.032996626854968146
4,CPP_slope,aligned_z3_peak_time,0.46923847620866344,0.2310945330140531
4,CPP_slope,aligned_z4_late_mean,-0.0182931770323687,0.4386333624214604
4,CPP_slope,aligned_z4_slope,0.9304227774203186,0.8638375612869391
4,CPP_slope,aligned_z4_peak,-0.18792715014582095,-0.033064712105007124
4,CPP_slope,aligned_z4_peak_time,0.5409530378488973,0.23539589725993038
4,CPP_slope,aligned_z5_late_mean,-0.150624576785397,0.3714765422461983
4,CPP_slope,aligned_z5_slope,0.7823527218624697,0.7696882115877509
4,CPP_slope,aligned_z5_peak,-0.2018355138071371,-0.04253173988987661
4,CPP_slope,aligned_z5_peak_time,0.4412778510939677,0.18307678196281613
4,CPP_peak,aligned_z1_late_mean,0.4299421012401581,0.452918092652065
4,CPP_peak,aligned_z1_slope,-0.10458102018146664,-0.015351340326347215
4,CPP_peak,aligned_z1_peak,0.9627314209938049,0.9188195728674168
4,CPP_peak,aligned_z1_peak_time,-0.13907980918884277,-0.024244263041310193
4,CPP_peak,aligned_z2_late_mean,0.7447009086608887,0.5182350525041906
4,CPP_peak,aligned_z2_slope,-0.27166039887167104,-0.0209536013507234
4,CPP_peak,aligned_z2_peak,0.9647526741027832,0.9413744836318784
4,CPP_peak,aligned_z2_peak_time,-0.2413659691810608,-0.02072855203253467
4,CPP_peak,aligned_z3_late_mean,0.8023092746734619,0.4769657148820598
4,CPP_peak,aligned_z3_slope,-0.27290490635474224,-0.042217797787577775
4,CPP_peak,aligned_z3_peak,0.9852284789085388,0.9034307882553194
4,CPP_peak,aligned_z3_peak_time,-0.12200730293989182,-0.010817797945403471
4,CPP_peak,aligned_z4_late_mean,0.7403378486633301,0.476555974381726
4,CPP_peak,aligned_z4_slope,-0.17407148644859355,-0.02038031681347856
4,CPP_peak,aligned_z4_peak,0.9649738669395447,0.8258950942900123
4,CPP_peak,aligned_z4_peak_time,-0.23276960849761963,-0.009315556301394613
4,CPP_peak,aligned_z5_late_mean,0.791938841342926,0.4554709050713516
4,CPP_peak,aligned_z5_slope,-0.3367959622108724,-0.00908207744600742
4,CPP_peak,aligned_z5_peak,0.7212468385696411,0.7228954681536046
4,CPP_peak,aligned_z5_peak_time,-0.12121342122554779,0.0015058142201202671
4,CPP_peak_time,aligned_z1_late_mean,0.14575931429862976,0.27106560803041224
4,CPP_peak_time,aligned_z1_slope,0.47512613406783566,0.2295936096439168
4,CPP_peak_time,aligned_z1_peak,-0.23776178061962128,-0.027557858788385625
4,CPP_peak_time,aligned_z1_peak_time,0.9521697759628296,0.8149708771124119
4,CPP_peak_time,aligned_z2_late_mean,0.08078807592391968,0.2947884481854555
4,CPP_peak_time,aligned_z2_slope,0.5184407253261017,0.25350408922385154
4,CPP_peak_time,aligned_z2_peak,-0.25480735301971436,-0.03290117559273068
4,CPP_peak_time,aligned_z2_peak_time,0.9746389389038086,0.8128461270797543
4,CPP_peak_time,aligned_z3_late_mean,0.014793120324611664,0.2811650524779064
4,CPP_peak_time,aligned_z3_slope,0.6066567921728552,0.2372120158555031
4,CPP_peak_time,aligned_z3_peak,-0.24628077447414398,-0.040893647456314505
4,CPP_peak_time,aligned_z3_peak_time,0.8894827961921692,0.6983893848047024
4,CPP_peak_time,aligned_z4_late_mean,0.11804452538490295,0.2820035177396565
4,CPP_peak_time,aligned_z4_slope,0.5526531251390542,0.24327741350403456
4,CPP_peak_time,aligned_z4_peak,-0.20965218544006348,-0.021237914654903295
4,CPP_peak_time,aligned_z4_peak_time,0.9217204451560974,0.6139377973428587
4,CPP_peak_time,aligned_z5_late_mean,-0.012983443215489388,0.24664608825270723
4,CPP_peak_time,aligned_z5_slope,0.43860589801279165,0.21857207142273988
4,CPP_peak_time,aligned_z5_peak,-0.19721922278404236,-0.03240068783847297
4,CPP_peak_time,aligned_z5_peak_time,0.842430830001831,0.5110732273357671
