time_ms,latent,correlation_with_log_rt
-1000.0,z1,0.02514301062055368
-996.0911865234375,z1,0.03691375227050565
-992.1824340820312,z1,0.03734352873223254
-988.2736206054688,z1,0.03525027034724676
-984.3648071289062,z1,0.03355991025812574
-980.4560546875,z1,0.03224469634583244
-976.5472412109375,z1,0.030993848560380028
-972.638427734375,z1,0.029378380175921957
-968.7296142578125,z1,0.02729624915051518
-964.8208618164062,z1,0.02540280873993088
-960.9120483398438,z1,0.02393526528526913
-957.0032348632812,z1,0.022836128148457015
-953.094482421875,z1,0.021390336302622746
-949.1856689453125,z1,0.01911252353390186
-945.27685546875,z1,0.01660056747864252
-941.3681030273438,z1,0.01445516906928127
-937.4592895507812,z1,0.013072173255831246
-933.5504760742188,z1,0.012140021177395264
-929.6417236328125,z1,0.010917985068711895
-925.73291015625,z1,0.00906417575105087
-921.8240966796875,z1,0.006769591395893098
-917.915283203125,z1,0.004561843203899335
-914.0065307617188,z1,0.0021501877157820877
-910.0977172851562,z1,-0.0010634205064271385
-906.1889038085938,z1,-0.004948658815782153
-902.2801513671875,z1,-0.009464253427644849
-898.371337890625,z1,-0.013603517690554357
-894.4625244140625,z1,-0.016634238538033145
-890.5537719726562,z1,-0.019367227237084946
-886.6449584960938,z1,-0.022667827499750645
-882.7361450195312,z1,-0.02662792507492613
-878.8273315429688,z1,-0.031226044645728503
-874.9185791015625,z1,-0.03610615339565283
-871.009765625,z1,-0.040429503275483177
-867.1009521484375,z1,-0.043712165266599864
-863.1921997070312,z1,-0.045642123214003
-859.2833862304688,z1,-0.046354894466760665
-855.3745727539062,z1,-0.04612219416107314
-851.4658203125,z1,-0.045147872542892695
-847.5570068359375,z1,-0.04389814781274475
-843.648193359375,z1,-0.043458817355418476
-839.7394409179688,z1,-0.043750908734774496
-835.8306274414062,z1,-0.044320005884901426
-831.9218139648438,z1,-0.04529732054996891
-828.0130004882812,z1,-0.04694926951403384
-824.104248046875,z1,-0.0493681160893468
-820.1954345703125,z1,-0.052250803161393994
-816.28662109375,z1,-0.054701600626856035
-812.3778686523438,z1,-0.056630876515715176
-808.4690551757812,z1,-0.05892691669779848
-804.5602416992188,z1,-0.06152890301177203
-800.6514892578125,z1,-0.06463684489351072
-796.74267578125,z1,-0.06777091182589377
-792.8338623046875,z1,-0.07056732183283565
-788.9251098632812,z1,-0.0732305784101907
-785.0162963867188,z1,-0.07625434749160402
-781.1074829101562,z1,-0.07987592170904659
-777.1986694335938,z1,-0.0844149868879269
-773.2899169921875,z1,-0.0893363303276153
-769.381103515625,z1,-0.09384149557469822
-765.4722900390625,z1,-0.09768205157366047
-761.5635375976562,z1,-0.10014405524269289
-757.6547241210938,z1,-0.10074959965479997
-753.7459106445312,z1,-0.09978724547853782
-749.837158203125,z1,-0.0978707503328324
-745.9283447265625,z1,-0.09670369984423811
-742.01953125,z1,-0.09765370686960739
-738.1107788085938,z1,-0.10040952306233986
-734.2019653320312,z1,-0.1037121641049321
-730.2931518554688,z1,-0.10598726207548907
-726.3843383789062,z1,-0.10649329004174983
-722.4755859375,z1,-0.10543013321756028
-718.5667724609375,z1,-0.10379851765954418
-714.657958984375,z1,-0.103017942895809
-710.7492065429688,z1,-0.10388337579789096
-706.8403930664062,z1,-0.10556430401637011
-702.9315795898438,z1,-0.10629561373668715
-699.0228271484375,z1,-0.10460182497502174
-695.114013671875,z1,-0.10095352410664078
-691.2052001953125,z1,-0.09690428924928211
-687.29638671875,z1,-0.09365753284169562
-683.3876342773438,z1,-0.09197817662062971
-679.4788208007812,z1,-0.0916194882145467
-675.5700073242188,z1,-0.09243214843539062
-671.6612548828125,z1,-0.09445672397322041
-667.75244140625,z1,-0.0966152119300873
-663.8436279296875,z1,-0.09778037711096142
-659.9348754882812,z1,-0.09792544726906363
-656.0260620117188,z1,-0.09722694944736539
-652.1172485351562,z1,-0.09537468002296313
-648.20849609375,z1,-0.09313214610960359
-644.2996826171875,z1,-0.09193372489337608
-640.390869140625,z1,-0.09258428068862928
-636.4820556640625,z1,-0.09443771050412271
-632.5733032226562,z1,-0.09635969754097919
-628.6644897460938,z1,-0.09764719182036372
-624.7556762695312,z1,-0.09758535330494165
-620.846923828125,z1,-0.09561756777336909
-616.9381103515625,z1,-0.0926412920263899
-613.029296875,z1,-0.09051648378640409
-609.1205444335938,z1,-0.08990462204868008
-605.2117309570312,z1,-0.08984985310228691
-601.3029174804688,z1,-0.08907239113106125
-597.3941650390625,z1,-0.08701937315091703
-593.4853515625,z1,-0.08324791773332815
-589.5765380859375,z1,-0.07808508895617067
-585.667724609375,z1,-0.07213167428932406
-581.7589721679688,z1,-0.06658257696654775
-577.8501586914062,z1,-0.06304066783199958
-573.9413452148438,z1,-0.06164900871778153
-570.0325927734375,z1,-0.06109269303045577
-566.123779296875,z1,-0.0608877638719771
-562.2149658203125,z1,-0.06054019374130586
-558.3062133789062,z1,-0.05938971447248836
-554.3973999023438,z1,-0.05757554567037322
-550.4885864257812,z1,-0.05551496324061245
-546.579833984375,z1,-0.05313103937241775
-542.6710205078125,z1,-0.05078894198832203
-538.76220703125,z1,-0.04844451367895979
-534.8533935546875,z1,-0.04510543723609463
-530.9446411132812,z1,-0.04038711832028811
-527.0358276367188,z1,-0.034945962056187475
-523.1270141601562,z1,-0.029622543805279566
-519.21826171875,z1,-0.02532612531776507
-515.3094482421875,z1,-0.02213685087404444
-511.4006652832031,z1,-0.019430658348011234
-507.4918518066406,z1,-0.016366805317480988
-503.58306884765625,z1,-0.012577070320141197
-499.67425537109375,z1,-0.008843772977369276
-495.7654724121094,z1,-0.005874032259608966
-491.856689453125,z1,-0.003486979546049268
-487.9478759765625,z1,-0.0013182950384935653
-484.0390930175781,z1,0.0010189659219409226
-480.1302795410156,z1,0.003577926261187923
-476.22149658203125,z1,0.005883925923355436
-472.3127136230469,z1,0.007701257641137507
-468.4039001464844,z1,0.00925864173192997
-464.4951171875,z1,0.01106291448285898
-460.5863342285156,z1,0.013398149340931538
-456.6775207519531,z1,0.016118352342492114
-452.76873779296875,z1,0.018487663289464627
-448.85992431640625,z1,0.020331027543910148
-444.9511413574219,z1,0.022264799238332644
-441.0423583984375,z1,0.024985482367528677
-437.133544921875,z1,0.028529896417245206
-433.2247619628906,z1,0.03303617599881885
-429.3159484863281,z1,0.03874853349781799
-425.40716552734375,z1,0.04553332035528613
-421.4983825683594,z1,0.05224630289368981
-417.5895690917969,z1,0.05784857849672085
-413.6807861328125,z1,0.06216986886946853
-409.77197265625,z1,0.06548151905419602
-405.8631896972656,z1,0.06758483431416996
-401.95440673828125,z1,0.06810169851098274
-398.04559326171875,z1,0.06704679412498364
-394.1368103027344,z1,0.06549084439575115
-390.22802734375,z1,0.06431743893211019
-386.3192138671875,z1,0.06376390321043603
-382.4104309082031,z1,0.06423825579336082
-378.5016174316406,z1,0.06593011053506345
-374.59283447265625,z1,0.068575777746778
-370.6840515136719,z1,0.07156443416107798
-366.7752380371094,z1,0.07447586654258327
-362.866455078125,z1,0.07705289554353831
-358.9576416015625,z1,0.07967428815440386
-355.0488586425781,z1,0.08242685202223433
-351.14007568359375,z1,0.08513717232863693
-347.23126220703125,z1,0.08758654885204302
-343.3224792480469,z1,0.08982439645266109
-339.4136657714844,z1,0.09195416259274986
-335.5048828125,z1,0.09407595258655453
-331.5960998535156,z1,0.09590229281786819
-327.6872863769531,z1,0.0972427264960952
-323.77850341796875,z1,0.09825420001960455
-319.8697204589844,z1,0.09897862674247003
-315.9609069824219,z1,0.0994741663049319
-312.0521240234375,z1,0.09980949319347886
-308.143310546875,z1,0.09971600864108891
-304.2345275878906,z1,0.09936702759902337
-300.32574462890625,z1,0.0994935051281719
-296.41693115234375,z1,0.1006361180885127
-292.5081481933594,z1,0.10264752862519258
-288.5993347167969,z1,0.10492824030440022
-284.6905517578125,z1,0.10679893231297462
-280.7817687988281,z1,0.10800963460944228
-276.8729553222656,z1,0.10867269933332453
-272.96417236328125,z1,0.10932751341518797
-269.0553894042969,z1,0.11031629570682613
-265.1465759277344,z1,0.11157333902418227
-261.23779296875,z1,0.1130673107155741
-257.3289794921875,z1,0.1144730265142497
-253.42019653320312,z1,0.11542433204204153
-249.5113983154297,z1,0.11597038456461825
-245.60260009765625,z1,0.11620010627890057
-241.69381713867188,z1,0.1161913667489799
-237.78501892089844,z1,0.11581009487482295
-233.876220703125,z1,0.11507094163253921
-229.96742248535156,z1,0.11393829531543852
-226.0586395263672,z1,0.11264830576961886
-222.14984130859375,z1,0.11147453067881215
-218.2410430908203,z1,0.11062461397314845
-214.33224487304688,z1,0.11006338835419005
-210.42344665527344,z1,0.10927212939029239
-206.51466369628906,z1,0.10776541174027103
-202.60586547851562,z1,0.10558952922675906
-198.6970672607422,z1,0.10316063678370183
-194.78826904296875,z1,0.1008128582057304
-190.87948608398438,z1,0.09865230863639327
-186.97068786621094,z1,0.09685152622742792
-183.0618896484375,z1,0.09550122690137239
-179.15309143066406,z1,0.09446675704986612
-175.24429321289062,z1,0.09368764934585923
-171.33551025390625,z1,0.09318990730791797
-167.4267120361328,z1,0.09341286802375544
-163.51791381835938,z1,0.09473703267895099
-159.60911560058594,z1,0.09706736557045226
-155.70033264160156,z1,0.10001365929145944
-151.79153442382812,z1,0.10330930259043958
-147.8827362060547,z1,0.10670961312127411
-143.97393798828125,z1,0.10970660995890509
-140.0651397705078,z1,0.11199817478502852
-136.15635681152344,z1,0.11355728500940257
-132.24755859375,z1,0.11411524603306021
-128.33876037597656,z1,0.11332994068237853
-124.42996978759766,z1,0.11104446216197404
-120.52117156982422,z1,0.10724068722477166
-116.61238098144531,z1,0.10275111174046576
-112.70358276367188,z1,0.09923487445687615
-108.79478454589844,z1,0.09779932899557928
-104.88599395751953,z1,0.09847875108332164
-100.9771957397461,z1,0.10059731290622193
-97.06840515136719,z1,0.10296121924647063
-93.15960693359375,z1,0.10461634935278476
-89.25081634521484,z1,0.10507966324829723
-85.3420181274414,z1,0.10429229586090215
-81.4332275390625,z1,0.10259674313589004
-77.52442932128906,z1,0.10022881808818014
-73.61563873291016,z1,0.09748806317993088
-69.70684051513672,z1,0.09531499291565794
-65.79804229736328,z1,0.09449008805118753
-61.889251708984375,z1,0.0952091401769926
-57.9804573059082,z1,0.09672966713383957
-54.07166290283203,z1,0.09801385280435017
-50.162864685058594,z1,0.09863316756570126
-46.25407028198242,z1,0.09889962543312052
-42.34527587890625,z1,0.09875940516792099
-38.43648147583008,z1,0.09786156330680582
-34.527687072753906,z1,0.09626819600651824
-30.618892669677734,z1,0.09385442225234858
-26.710098266601562,z1,0.09090816387411245
-22.80130386352539,z1,0.08836846108236454
-18.892507553100586,z1,0.08709843862854116
-14.983713150024414,z1,0.08744026849057443
-11.074918746948242,z1,0.08950808899062423
-7.166123867034912,z1,0.09267241290228219
-3.257328987121582,z1,0.09564809429541879
0.6514657735824585,z1,0.09748347513800071
4.560260772705078,z1,0.09781825041597599
8.46905517578125,z1,0.09708093401067956
12.377850532531738,z1,0.09640211536971316
16.286645889282227,z1,0.09664350501310794
20.1954402923584,z1,0.09824810375200445
24.10423469543457,z1,0.10096205397937404
28.013029098510742,z1,0.10422777064696839
31.921823501586914,z1,0.10713112667077214
35.83061981201172,z1,0.10847656240543004
39.73941421508789,z1,0.10751783952379394
43.64820861816406,z1,0.10430947995101883
47.557003021240234,z1,0.09967879052397918
51.465797424316406,z1,0.09482108873368193
55.37459182739258,z1,0.09111722249335627
59.28338623046875,z1,0.0895285757104036
63.19218063354492,z1,0.09000500421404581
67.1009750366211,z1,0.0915531514264553
71.00977325439453,z1,0.09249374184771368
74.91856384277344,z1,0.09160608259532449
78.82736206054688,z1,0.08899722247034934
82.73615264892578,z1,0.0857744622318125
86.64495086669922,z1,0.08304859544510852
90.55374908447266,z1,0.08120940448028299
94.46253967285156,z1,0.08013308235572797
98.371337890625,z1,0.079111384699743
102.2801284790039,z1,0.07714037945659849
106.18892669677734,z1,0.07385802602170115
110.09771728515625,z1,0.06947890810782206
114.00651550292969,z1,0.06510071491428457
117.9153060913086,z1,0.06217949925561386
121.82410430908203,z1,0.06127703429863295
125.73290252685547,z1,0.06159279691272958
129.64169311523438,z1,0.06199247073219586
133.5504913330078,z1,0.06194337797156298
137.45928955078125,z1,0.06147112253965659
141.36807250976562,z1,0.060650201867981826
145.27687072753906,z1,0.05943856779513964
149.1856689453125,z1,0.05804672716965565
153.09446716308594,z1,0.05694332258821511
157.0032501220703,z1,0.05618059882190985
160.91204833984375,z1,0.05535106411346507
164.8208465576172,z1,0.05406401482586002
168.72964477539062,z1,0.05234030508906444
172.63844299316406,z1,0.050405447712994426
176.54722595214844,z1,0.048674273828395315
180.45602416992188,z1,0.04765534467018677
184.3648223876953,z1,0.04748611689574853
188.27362060546875,z1,0.04792567194822472
192.18240356445312,z1,0.048477137266639124
196.09120178222656,z1,0.04870555230420529
200.0,z1,0.04805399189474412
-1000.0,z2,-0.011177681692026918
-996.0911865234375,z2,-0.01268400854169701
-992.1824340820312,z2,-0.013903690910326725
-988.2736206054688,z2,-0.015192242532830804
-984.3648071289062,z2,-0.016374388866805232
-980.4560546875,z2,-0.017267015532358397
-976.5472412109375,z2,-0.01780070972047826
-972.638427734375,z2,-0.01796639010214871
-968.7296142578125,z2,-0.018018495374803906
-964.8208618164062,z2,-0.018341496911112184
-960.9120483398438,z2,-0.01919634176655382
-957.0032348632812,z2,-0.020565634258939158
-953.094482421875,z2,-0.022232615921265398
-949.1856689453125,z2,-0.024110636127341396
-945.27685546875,z2,-0.02627898413096897
-941.3681030273438,z2,-0.02872750524151122
-937.4592895507812,z2,-0.03154062192258181
-933.5504760742188,z2,-0.03487937754604495
-929.6417236328125,z2,-0.03857907273740423
-925.73291015625,z2,-0.042034166911747765
-921.8240966796875,z2,-0.0445874456188339
-917.915283203125,z2,-0.04579966705014145
-914.0065307617188,z2,-0.04551393729772059
-910.0977172851562,z2,-0.04402048129245398
-906.1889038085938,z2,-0.041920760814169844
-902.2801513671875,z2,-0.03973882293654231
-898.371337890625,z2,-0.03781887782590025
-894.4625244140625,z2,-0.03649203666002734
-890.5537719726562,z2,-0.03595504444705845
-886.6449584960938,z2,-0.03639460266141245
-882.7361450195312,z2,-0.037936807401031176
-878.8273315429688,z2,-0.04022249466896559
-874.9185791015625,z2,-0.04269986129646149
-871.009765625,z2,-0.044940650442948836
-867.1009521484375,z2,-0.046587996572236806
-863.1921997070312,z2,-0.0475361091194494
-859.2833862304688,z2,-0.04812254861029293
-855.3745727539062,z2,-0.04903376562970386
-851.4658203125,z2,-0.050780890243942514
-847.5570068359375,z2,-0.05369594765348544
-843.648193359375,z2,-0.057912708973234424
-839.7394409179688,z2,-0.06312447192000376
-835.8306274414062,z2,-0.06851866225367312
-831.9218139648438,z2,-0.07330296462527079
-828.0130004882812,z2,-0.07690702761771841
-824.104248046875,z2,-0.07931137939372591
-820.1954345703125,z2,-0.08069660213576971
-816.28662109375,z2,-0.08137390718700155
-812.3778686523438,z2,-0.08176192831503229
-808.4690551757812,z2,-0.08221527341152311
-804.5602416992188,z2,-0.0825713798367097
-800.6514892578125,z2,-0.08234705733971183
-796.74267578125,z2,-0.08127574674327954
-792.8338623046875,z2,-0.07942200528904206
-788.9251098632812,z2,-0.0771882348786547
-785.0162963867188,z2,-0.07511723054589112
-781.1074829101562,z2,-0.07349410363081559
-777.1986694335938,z2,-0.07266864405599323
-773.2899169921875,z2,-0.07312702477629583
-769.381103515625,z2,-0.07489624737165383
-765.4722900390625,z2,-0.07760370888109133
-761.5635375976562,z2,-0.08093290251654683
-757.6547241210938,z2,-0.08439525910030461
-753.7459106445312,z2,-0.08771680822779143
-749.837158203125,z2,-0.0912375300663623
-745.9283447265625,z2,-0.09530998522915916
-742.01953125,z2,-0.10015135881874251
-738.1107788085938,z2,-0.10567827113761906
-734.2019653320312,z2,-0.11124855188496922
-730.2931518554688,z2,-0.11608594591707545
-726.3843383789062,z2,-0.11946741844317066
-722.4755859375,z2,-0.12085975672542679
-718.5667724609375,z2,-0.12018015036447352
-714.657958984375,z2,-0.11789018746613755
-710.7492065429688,z2,-0.11499931809140729
-706.8403930664062,z2,-0.11256080801020256
-702.9315795898438,z2,-0.11113947594087933
-699.0228271484375,z2,-0.11088078070144711
-695.114013671875,z2,-0.11142762892760029
-691.2052001953125,z2,-0.11217117774644081
-687.29638671875,z2,-0.11266383450825855
-683.3876342773438,z2,-0.11271438247453025
-679.4788208007812,z2,-0.11230023601620026
-675.5700073242188,z2,-0.1115820504789064
-671.6612548828125,z2,-0.11099945419845707
-667.75244140625,z2,-0.11063409356709683
-663.8436279296875,z2,-0.11035569768718563
-659.9348754882812,z2,-0.11029383452571982
-656.0260620117188,z2,-0.11079287679625459
-652.1172485351562,z2,-0.11210540725068721
-648.20849609375,z2,-0.11420993978511852
-644.2996826171875,z2,-0.11715537238840425
-640.390869140625,z2,-0.12083866553506534
-636.4820556640625,z2,-0.12480525897883467
-632.5733032226562,z2,-0.12837481014187402
-628.6644897460938,z2,-0.1310511947423976
-624.7556762695312,z2,-0.13281792968926168
-620.846923828125,z2,-0.13375208555948234
-616.9381103515625,z2,-0.13386835716730694
-613.029296875,z2,-0.1333429211325718
-609.1205444335938,z2,-0.13258671388258014
-605.2117309570312,z2,-0.1320221854231455
-601.3029174804688,z2,-0.1316445268232366
-597.3941650390625,z2,-0.1312564315195031
-593.4853515625,z2,-0.13105440634190038
-589.5765380859375,z2,-0.13152026440270045
-585.667724609375,z2,-0.133030131961347
-581.7589721679688,z2,-0.13546883128274956
-577.8501586914062,z2,-0.13838848206924448
-573.9413452148438,z2,-0.14121269028168582
-570.0325927734375,z2,-0.14348810218637986
-566.123779296875,z2,-0.14500622984962294
-562.2149658203125,z2,-0.14594180044187657
-558.3062133789062,z2,-0.146584532113969
-554.3973999023438,z2,-0.14726804580455413
-550.4885864257812,z2,-0.14837039132400745
-546.579833984375,z2,-0.14994957025925273
-542.6710205078125,z2,-0.15173179380654353
-538.76220703125,z2,-0.15301899048271825
-534.8533935546875,z2,-0.15314982536665211
-530.9446411132812,z2,-0.15200908140962838
-527.0358276367188,z2,-0.15009620441146307
-523.1270141601562,z2,-0.14816341200200608
-519.21826171875,z2,-0.1468145843659996
-515.3094482421875,z2,-0.14629419928144105
-511.4006652832031,z2,-0.14628510168681344
-507.4918518066406,z2,-0.14609767067681476
-503.58306884765625,z2,-0.1449501445811743
-499.67425537109375,z2,-0.14265665651924647
-495.7654724121094,z2,-0.13965252007412055
-491.856689453125,z2,-0.13647725260084384
-487.9478759765625,z2,-0.13348087338280556
-484.0390930175781,z2,-0.1310216229067518
-480.1302795410156,z2,-0.12933573372992205
-476.22149658203125,z2,-0.12831891341786691
-472.3127136230469,z2,-0.12752763140376516
-468.4039001464844,z2,-0.1264743010686828
-464.4951171875,z2,-0.1251884920321796
-460.5863342285156,z2,-0.12414974007788589
-456.6775207519531,z2,-0.1238213453033756
-452.76873779296875,z2,-0.12427414385760102
-448.85992431640625,z2,-0.12518474225507198
-444.9511413574219,z2,-0.12592883595815166
-441.0423583984375,z2,-0.12583852673707124
-437.133544921875,z2,-0.12446948959548958
-433.2247619628906,z2,-0.12177886977212898
-429.3159484863281,z2,-0.11815027564241974
-425.40716552734375,z2,-0.1141448625528018
-421.4983825683594,z2,-0.11034191810575038
-417.5895690917969,z2,-0.10737375428986531
-413.6807861328125,z2,-0.10561146827201769
-409.77197265625,z2,-0.10487880503625281
-405.8631896972656,z2,-0.10453407526761484
-401.95440673828125,z2,-0.10382801361787036
-398.04559326171875,z2,-0.10193996883516945
-394.1368103027344,z2,-0.09824642081590568
-390.22802734375,z2,-0.09276187488406946
-386.3192138671875,z2,-0.0860904103831018
-382.4104309082031,z2,-0.07910173259881174
-378.5016174316406,z2,-0.07247312628924124
-374.59283447265625,z2,-0.06646259356894611
-370.6840515136719,z2,-0.060779154688351114
-366.7752380371094,z2,-0.05486941774121177
-362.866455078125,z2,-0.048252953136072335
-358.9576416015625,z2,-0.040759968776129425
-355.0488586425781,z2,-0.032577991353102916
-351.14007568359375,z2,-0.02430300094195177
-347.23126220703125,z2,-0.01677363768669006
-343.3224792480469,z2,-0.0107469517000398
-339.4136657714844,z2,-0.006478856712274479
-335.5048828125,z2,-0.0036989564724322936
-331.5960998535156,z2,-0.001877491767653298
-327.6872863769531,z2,-0.00048340647999054246
-323.77850341796875,z2,0.0008562015774923363
-319.8697204589844,z2,0.0023409851891106627
-315.9609069824219,z2,0.003981568955929713
-312.0521240234375,z2,0.00571446018232395
-308.143310546875,z2,0.00762007684119222
-304.2345275878906,z2,0.00996893285485777
-300.32574462890625,z2,0.012989140324018223
-296.41693115234375,z2,0.016705975328247337
-292.5081481933594,z2,0.020995472684944037
-288.5993347167969,z2,0.025680541528925335
-284.6905517578125,z2,0.030632267597633548
-280.7817687988281,z2,0.035601731288876184
-276.8729553222656,z2,0.040258851953000614
-272.96417236328125,z2,0.04428250877105369
-269.0553894042969,z2,0.04746927347026738
-265.1465759277344,z2,0.04973820536762961
-261.23779296875,z2,0.05093513586925871
-257.3289794921875,z2,0.05116703688866825
-253.42019653320312,z2,0.050673433948511176
-249.5113983154297,z2,0.04969358693220676
-245.60260009765625,z2,0.048663648636845545
-241.69381713867188,z2,0.048053792149418496
-237.78501892089844,z2,0.04799029170613227
-233.876220703125,z2,0.048298436837988436
-229.96742248535156,z2,0.04868309629337937
-226.0586395263672,z2,0.04895071977335748
-222.14984130859375,z2,0.04905152628037813
-218.2410430908203,z2,0.04887920651008217
-214.33224487304688,z2,0.04836870141891851
-210.42344665527344,z2,0.04770749653594658
-206.51466369628906,z2,0.04725169571077934
-202.60586547851562,z2,0.04723450141066987
-198.6970672607422,z2,0.047680026878881
-194.78826904296875,z2,0.048630494791152216
-190.87948608398438,z2,0.05029319281151973
-186.97068786621094,z2,0.052812109298380046
-183.0618896484375,z2,0.056088090588302636
-179.15309143066406,z2,0.059849744986807354
-175.24429321289062,z2,0.0637356469857384
-171.33551025390625,z2,0.06743444518495664
-167.4267120361328,z2,0.07078570914347891
-163.51791381835938,z2,0.07386898986763915
-159.60911560058594,z2,0.07686727185630997
-155.70033264160156,z2,0.07985469101570566
-151.79153442382812,z2,0.08276130672557352
-147.8827362060547,z2,0.08545596436787337
-143.97393798828125,z2,0.08785472256458177
-140.0651397705078,z2,0.08973170171834072
-136.15635681152344,z2,0.09082094488810738
-132.24755859375,z2,0.09111753045898412
-128.33876037597656,z2,0.09090477156032037
-124.42996978759766,z2,0.09066631105418119
-120.52117156982422,z2,0.09091118040586865
-116.61238098144531,z2,0.09190603129770464
-112.70358276367188,z2,0.09375467834620979
-108.79478454589844,z2,0.09658206661093649
-104.88599395751953,z2,0.1002868037834182
-100.9771957397461,z2,0.1046155248799389
-97.06840515136719,z2,0.10909420646432956
-93.15960693359375,z2,0.11293134538440128
-89.25081634521484,z2,0.11567657148078622
-85.3420181274414,z2,0.1174239515117722
-81.4332275390625,z2,0.1185964964151186
-77.52442932128906,z2,0.11986274314422381
-73.61563873291016,z2,0.12213298300197657
-69.70684051513672,z2,0.12623620066910915
-65.79804229736328,z2,0.1323400732648587
-61.889251708984375,z2,0.1397105387037888
-57.9804573059082,z2,0.14693014050729863
-54.07166290283203,z2,0.15232202643813136
-50.162864685058594,z2,0.1547635838535255
-46.25407028198242,z2,0.15414657332529383
-42.34527587890625,z2,0.15119501345424477
-38.43648147583008,z2,0.1470406967921713
-34.527687072753906,z2,0.14289103707949757
-30.618892669677734,z2,0.13958091324234564
-26.710098266601562,z2,0.13740694463142722
-22.80130386352539,z2,0.13634807850474867
-18.892507553100586,z2,0.13630111123912386
-14.983713150024414,z2,0.13713400644579724
-11.074918746948242,z2,0.13857985603433343
-7.166123867034912,z2,0.14035576357242827
-3.257328987121582,z2,0.14203938081371853
0.6514657735824585,z2,0.14318790289059097
4.560260772705078,z2,0.14366892358996472
8.46905517578125,z2,0.14355237005641303
12.377850532531738,z2,0.14302834963230573
16.286645889282227,z2,0.14253859569734803
20.1954402923584,z2,0.1425340908172113
24.10423469543457,z2,0.1432419319227085
28.013029098510742,z2,0.1443193522015433
31.921823501586914,z2,0.14468523569943598
35.83061981201172,z2,0.1432660810775095
39.73941421508789,z2,0.13969164926491012
43.64820861816406,z2,0.1343718351676305
47.557003021240234,z2,0.1283630115324482
51.465797424316406,z2,0.12291243330597622
55.37459182739258,z2,0.11911698981214022
59.28338623046875,z2,0.1174082189920849
63.19218063354492,z2,0.11724248921289482
67.1009750366211,z2,0.1174953428567084
71.00977325439453,z2,0.117225141400745
74.91856384277344,z2,0.116026842442262
78.82736206054688,z2,0.11418830149116767
82.73615264892578,z2,0.11248236764030022
86.64495086669922,z2,0.11156550368398624
90.55374908447266,z2,0.11161102222813005
94.46253967285156,z2,0.11232590476352466
98.371337890625,z2,0.11315652081105934
102.2801284790039,z2,0.11360160496036247
106.18892669677734,z2,0.11325275304447008
110.09771728515625,z2,0.11222250653855861
114.00651550292969,z2,0.11091961555899701
117.9153060913086,z2,0.10959112590395555
121.82410430908203,z2,0.10825372103494472
125.73290252685547,z2,0.10670233631151917
129.64169311523438,z2,0.10459174553627677
133.5504913330078,z2,0.10175187645850584
137.45928955078125,z2,0.09833148461953291
141.36807250976562,z2,0.09474890334040532
145.27687072753906,z2,0.09143750362481776
149.1856689453125,z2,0.08866261237215471
153.09446716308594,z2,0.08642213880246777
157.0032501220703,z2,0.0847099933534926
160.91204833984375,z2,0.08353511930274825
164.8208465576172,z2,0.08279720037089182
168.72964477539062,z2,0.08247144943178493
172.63844299316406,z2,0.08260739064085136
176.54722595214844,z2,0.08316422489418326
180.45602416992188,z2,0.0839984721238143
184.3648223876953,z2,0.08473954746736283
188.27362060546875,z2,0.08463162860331373
192.18240356445312,z2,0.08314452495638544
196.09120178222656,z2,0.08034434106697373
200.0,z2,0.07668586723128215
-1000.0,z3,-0.01895246309044243
-996.0911865234375,z3,-0.024096773404059392
-992.1824340820312,z3,-0.02831540195878154
-988.2736206054688,z3,-0.031507284597761094
-984.3648071289062,z3,-0.03368854497534795
-980.4560546875,z3,-0.03487644656099675
-976.5472412109375,z3,-0.03502077635086425
-972.638427734375,z3,-0.03421258082538255
-968.7296142578125,z3,-0.03271892271023732
-964.8208618164062,z3,-0.030898543535490684
-960.9120483398438,z3,-0.02903846043293651
-957.0032348632812,z3,-0.027510773300486967
-953.094482421875,z3,-0.026707883834865387
-949.1856689453125,z3,-0.026820041052468498
-945.27685546875,z3,-0.027987864127749697
-941.3681030273438,z3,-0.030282443670725242
-937.4592895507812,z3,-0.03354505321440606
-933.5504760742188,z3,-0.037224535186314744
-929.6417236328125,z3,-0.04068940378694225
-925.73291015625,z3,-0.043664238896355026
-921.8240966796875,z3,-0.046124568337892455
-917.915283203125,z3,-0.04808408680948255
-914.0065307617188,z3,-0.04964003813835628
-910.0977172851562,z3,-0.05075636108160115
-906.1889038085938,z3,-0.05134167927957491
-902.2801513671875,z3,-0.05143434702188047
-898.371337890625,z3,-0.05149372993760619
-894.4625244140625,z3,-0.05197659158438337
-890.5537719726562,z3,-0.052751487240550315
-886.6449584960938,z3,-0.053134823581335346
-882.7361450195312,z3,-0.05238420857320398
-878.8273315429688,z3,-0.05030077800991976
-874.9185791015625,z3,-0.047064374085105214
-871.009765625,z3,-0.04305587686151106
-867.1009521484375,z3,-0.03907462232650486
-863.1921997070312,z3,-0.03617829101709825
-859.2833862304688,z3,-0.03522431994396649
-855.3745727539062,z3,-0.03636162231585556
-851.4658203125,z3,-0.03927518663598845
-847.5570068359375,z3,-0.04341867115808872
-843.648193359375,z3,-0.048057001045713414
-839.7394409179688,z3,-0.05259242680745598
-835.8306274414062,z3,-0.05689815276615353
-831.9218139648438,z3,-0.06119843806306141
-828.0130004882812,z3,-0.06551346690993623
-824.104248046875,z3,-0.06967914612330599
-820.1954345703125,z3,-0.07362243031944074
-816.28662109375,z3,-0.07738167466227536
-812.3778686523438,z3,-0.08056858369099458
-808.4690551757812,z3,-0.08236146280806868
-804.5602416992188,z3,-0.08246131892503206
-800.6514892578125,z3,-0.08104359502629811
-796.74267578125,z3,-0.07884319421000817
-792.8338623046875,z3,-0.07690579189203324
-788.9251098632812,z3,-0.07585455185504142
-785.0162963867188,z3,-0.07580403368218352
-781.1074829101562,z3,-0.07674262728548417
-777.1986694335938,z3,-0.07837503824531657
-773.2899169921875,z3,-0.07995540734584261
-769.381103515625,z3,-0.08098137934855514
-765.4722900390625,z3,-0.08158325682131434
-761.5635375976562,z3,-0.08220086312147314
-757.6547241210938,z3,-0.08343732039491955
-753.7459106445312,z3,-0.08597210503833304
-749.837158203125,z3,-0.09006244445401071
-745.9283447265625,z3,-0.09530056720046126
-742.01953125,z3,-0.10073567982218333
-738.1107788085938,z3,-0.10537163094890163
-734.2019653320312,z3,-0.10871197097947191
-730.2931518554688,z3,-0.11077065554773699
-726.3843383789062,z3,-0.11190215265000844
-722.4755859375,z3,-0.11260058048864716
-718.5667724609375,z3,-0.11339817068354778
-714.657958984375,z3,-0.11461961505559481
-710.7492065429688,z3,-0.11589721005366013
-706.8403930664062,z3,-0.11637531262256794
-702.9315795898438,z3,-0.11553425739144162
-699.0228271484375,z3,-0.11350262644708863
-695.114013671875,z3,-0.11113464875887731
-691.2052001953125,z3,-0.10963193217380475
-687.29638671875,z3,-0.10975851518892009
-683.3876342773438,z3,-0.11161306880439789
-679.4788208007812,z3,-0.11489863738826993
-675.5700073242188,z3,-0.11892491665248917
-671.6612548828125,z3,-0.12299191587645751
-667.75244140625,z3,-0.12696352261396396
-663.8436279296875,z3,-0.13131577799074526
-659.9348754882812,z3,-0.136495994907371
-656.0260620117188,z3,-0.14255384679688668
-652.1172485351562,z3,-0.1489874131966736
-648.20849609375,z3,-0.15455238411472316
-644.2996826171875,z3,-0.1579331295665571
-640.390869140625,z3,-0.158775714696724
-636.4820556640625,z3,-0.1577083272092526
-632.5733032226562,z3,-0.15578247173018386
-628.6644897460938,z3,-0.15385508937563416
-624.7556762695312,z3,-0.1524419851137582
-620.846923828125,z3,-0.15170957376300756
-616.9381103515625,z3,-0.15140306543165694
-613.029296875,z3,-0.15097824186335249
-609.1205444335938,z3,-0.14999930590875862
-605.2117309570312,z3,-0.1482854481353092
-601.3029174804688,z3,-0.14612083435080128
-597.3941650390625,z3,-0.14425084824984316
-593.4853515625,z3,-0.1434009784482962
-589.5765380859375,z3,-0.14398713153563603
-585.667724609375,z3,-0.1462617405234867
-581.7589721679688,z3,-0.15013389105178956
-577.8501586914062,z3,-0.15487466167465389
-573.9413452148438,z3,-0.15967076172274391
-570.0325927734375,z3,-0.16389454614329843
-566.123779296875,z3,-0.16720607381506716
-562.2149658203125,z3,-0.16950556031225983
-558.3062133789062,z3,-0.17080950541538276
-554.3973999023438,z3,-0.17109147992234838
-550.4885864257812,z3,-0.17021573243442484
-546.579833984375,z3,-0.1682388351260539
-542.6710205078125,z3,-0.16547116608440285
-538.76220703125,z3,-0.16221649176611877
-534.8533935546875,z3,-0.15888789278771479
-530.9446411132812,z3,-0.15605255802819984
-527.0358276367188,z3,-0.1540503201945747
-523.1270141601562,z3,-0.1527734677798321
-519.21826171875,z3,-0.15158835124148656
-515.3094482421875,z3,-0.14997353678296244
-511.4006652832031,z3,-0.14785408827840596
-507.4918518066406,z3,-0.14555296538172396
-503.58306884765625,z3,-0.1434051732330058
-499.67425537109375,z3,-0.14141580606372237
-495.7654724121094,z3,-0.13960097652417405
-491.856689453125,z3,-0.13819848045356373
-487.9478759765625,z3,-0.13735619524636047
-484.0390930175781,z3,-0.13691293897657755
-480.1302795410156,z3,-0.13663344295289645
-476.22149658203125,z3,-0.13632407028149096
-472.3127136230469,z3,-0.1358725232256317
-468.4039001464844,z3,-0.1351318635357897
-464.4951171875,z3,-0.13396621273024897
-460.5863342285156,z3,-0.13239114488651058
-456.6775207519531,z3,-0.13054943368729086
-452.76873779296875,z3,-0.12857355166275747
-448.85992431640625,z3,-0.12652166657032715
-444.9511413574219,z3,-0.12431522607358858
-441.0423583984375,z3,-0.1217157075234556
-437.133544921875,z3,-0.11833241754505608
-433.2247619628906,z3,-0.11376376697345061
-429.3159484863281,z3,-0.10788854272762437
-425.40716552734375,z3,-0.10106068357618032
-421.4983825683594,z3,-0.09413725002102678
-417.5895690917969,z3,-0.08840591290512981
-413.6807861328125,z3,-0.08500757141595311
-409.77197265625,z3,-0.0843622914777552
-405.8631896972656,z3,-0.08593980889677452
-401.95440673828125,z3,-0.0883266472832599
-398.04559326171875,z3,-0.08994071833712884
-394.1368103027344,z3,-0.08974664975745093
-390.22802734375,z3,-0.08728028649183157
-386.3192138671875,z3,-0.08259238326681258
-382.4104309082031,z3,-0.07620545699477449
-378.5016174316406,z3,-0.06874994349950138
-374.59283447265625,z3,-0.060812472846776704
-370.6840515136719,z3,-0.052968104922078964
-366.7752380371094,z3,-0.045562011209710686
-362.866455078125,z3,-0.038542961078155226
-358.9576416015625,z3,-0.03176246863284283
-355.0488586425781,z3,-0.025153820747103237
-351.14007568359375,z3,-0.018759329356764883
-347.23126220703125,z3,-0.01280470369031543
-343.3224792480469,z3,-0.007712883580306842
-339.4136657714844,z3,-0.0039763072344093375
-335.5048828125,z3,-0.002026324076064346
-331.5960998535156,z3,-0.0018814957919334322
-327.6872863769531,z3,-0.003062415469037525
-323.77850341796875,z3,-0.004793070403518941
-319.8697204589844,z3,-0.006227781663028065
-315.9609069824219,z3,-0.006677725128959881
-312.0521240234375,z3,-0.005607793792676893
-308.143310546875,z3,-0.0027758624366085775
-304.2345275878906,z3,0.0016387588687129368
-300.32574462890625,z3,0.007130385722275085
-296.41693115234375,z3,0.013347325470766624
-292.5081481933594,z3,0.020226847873511526
-288.5993347167969,z3,0.0277884212792903
-284.6905517578125,z3,0.035927504673789315
-280.7817687988281,z3,0.044268359893514464
-276.8729553222656,z3,0.05198698799916394
-272.96417236328125,z3,0.058071242323528525
-269.0553894042969,z3,0.06194461740045994
-265.1465759277344,z3,0.06363105006921184
-261.23779296875,z3,0.06373156797387097
-257.3289794921875,z3,0.06297639949632224
-253.42019653320312,z3,0.0619701365985455
-249.5113983154297,z3,0.061159500559779846
-245.60260009765625,z3,0.060698002557030575
-241.69381713867188,z3,0.060345298700150526
-237.78501892089844,z3,0.05977196274412856
-233.876220703125,z3,0.05879263047813437
-229.96742248535156,z3,0.05760598474943045
-226.0586395263672,z3,0.05668995457247066
-222.14984130859375,z3,0.05639819671817889
-218.2410430908203,z3,0.05667542728019639
-214.33224487304688,z3,0.05724529215528035
-210.42344665527344,z3,0.057850675453928496
-206.51466369628906,z3,0.05815353502751289
-202.60586547851562,z3,0.057957518929042814
-198.6970672607422,z3,0.05752770014610407
-194.78826904296875,z3,0.05745939055376836
-190.87948608398438,z3,0.05827793200336144
-186.97068786621094,z3,0.060180735004894306
-183.0618896484375,z3,0.06288303487380949
-179.15309143066406,z3,0.06568903811189283
-175.24429321289062,z3,0.0678824970603092
-171.33551025390625,z3,0.06916938714420644
-167.4267120361328,z3,0.06982421028302645
-163.51791381835938,z3,0.07052215979105436
-159.60911560058594,z3,0.07175829082274332
-155.70033264160156,z3,0.07349891656469866
-151.79153442382812,z3,0.07531258959549032
-147.8827362060547,z3,0.07657380076193918
-143.97393798828125,z3,0.07670725383554201
-140.0651397705078,z3,0.07549177887537313
-136.15635681152344,z3,0.07326754345718726
-132.24755859375,z3,0.0709077807834427
-128.33876037597656,z3,0.0694496196936135
-124.42996978759766,z3,0.06966245934245174
-120.52117156982422,z3,0.07174289874167118
-116.61238098144531,z3,0.07519558181859622
-112.70358276367188,z3,0.07900894214184796
-108.79478454589844,z3,0.08221844868028552
-104.88599395751953,z3,0.08448769406343018
-100.9771957397461,z3,0.08589090394152253
-97.06840515136719,z3,0.08672097139573648
-93.15960693359375,z3,0.0873493961983829
-89.25081634521484,z3,0.08795681261352853
-85.3420181274414,z3,0.08864031347670394
-81.4332275390625,z3,0.08947927701452442
-77.52442932128906,z3,0.09055828149452988
-73.61563873291016,z3,0.09188430777007402
-69.70684051513672,z3,0.09321475033912145
-65.79804229736328,z3,0.09431598700215979
-61.889251708984375,z3,0.09508573334189808
-57.9804573059082,z3,0.09549091914467873
-54.07166290283203,z3,0.09576660554634943
-50.162864685058594,z3,0.09622552562523923
-46.25407028198242,z3,0.0967959031045193
-42.34527587890625,z3,0.09720319605607468
-38.43648147583008,z3,0.09736219415049609
-34.527687072753906,z3,0.09735684126787701
-30.618892669677734,z3,0.09764598098782305
-26.710098266601562,z3,0.09879288777615454
-22.80130386352539,z3,0.10112611713869958
-18.892507553100586,z3,0.10459346037556819
-14.983713150024414,z3,0.10867196310064454
-11.074918746948242,z3,0.11244399787567944
-7.166123867034912,z3,0.11496552613021317
-3.257328987121582,z3,0.11577204533826672
0.6514657735824585,z3,0.11518043947013189
4.560260772705078,z3,0.11413435782821284
8.46905517578125,z3,0.11358088780219497
12.377850532531738,z3,0.11407413736502943
16.286645889282227,z3,0.11569723577149411
20.1954402923584,z3,0.11797986695580853
24.10423469543457,z3,0.11999406958911041
28.013029098510742,z3,0.12076815125671853
31.921823501586914,z3,0.11975779829624723
35.83061981201172,z3,0.11696406767444542
39.73941421508789,z3,0.11319907421401194
43.64820861816406,z3,0.10969713667994851
47.557003021240234,z3,0.10748771313591016
51.465797424316406,z3,0.10690890603113311
55.37459182739258,z3,0.10732371264139584
59.28338623046875,z3,0.10763675969950229
63.19218063354492,z3,0.10694758443025906
67.1009750366211,z3,0.10499078029395163
71.00977325439453,z3,0.10207259120956028
74.91856384277344,z3,0.09870679081113454
78.82736206054688,z3,0.09530621246315564
82.73615264892578,z3,0.09200582276074064
86.64495086669922,z3,0.08884381572579994
90.55374908447266,z3,0.08591041663470551
94.46253967285156,z3,0.08328721435930045
98.371337890625,z3,0.08120769782897987
102.2801284790039,z3,0.08012543941725675
106.18892669677734,z3,0.08047812875233988
110.09771728515625,z3,0.08222212132330117
114.00651550292969,z3,0.08468527301352977
117.9153060913086,z3,0.0869058464529188
121.82410430908203,z3,0.08813307083243502
125.73290252685547,z3,0.0881315278546669
129.64169311523438,z3,0.08702745403709508
133.5504913330078,z3,0.085241418144568
137.45928955078125,z3,0.0835256466189039
141.36807250976562,z3,0.08259246810966991
145.27687072753906,z3,0.08263510092356355
149.1856689453125,z3,0.08312146395244599
153.09446716308594,z3,0.0831812674363062
157.0032501220703,z3,0.08216198227640296
160.91204833984375,z3,0.07983171733730858
164.8208465576172,z3,0.07639711823825425
168.72964477539062,z3,0.07248906904080056
172.63844299316406,z3,0.06896857376458075
176.54722595214844,z3,0.066509744645146
180.45602416992188,z3,0.06514586387108925
184.3648223876953,z3,0.06414381167139514
188.27362060546875,z3,0.06256306355815645
192.18240356445312,z3,0.05989960067892123
196.09120178222656,z3,0.056190695814564304
200.0,z3,0.0521039306319029
-1000.0,z4,-0.00691324170058982
-996.0911865234375,z4,-0.011944791106831054
-992.1824340820312,z4,-0.016843338145351914
-988.2736206054688,z4,-0.021249389952788533
-984.3648071289062,z4,-0.02546247978984842
-980.4560546875,z4,-0.029338020143368008
-976.5472412109375,z4,-0.03247637259288436
-972.638427734375,z4,-0.034838450611891086
-968.7296142578125,z4,-0.036796364604023836
-964.8208618164062,z4,-0.03813152933908674
-960.9120483398438,z4,-0.0379775188335804
-957.0032348632812,z4,-0.035778437766462376
-953.094482421875,z4,-0.03185910291023203
-949.1856689453125,z4,-0.0269316526225933
-945.27685546875,z4,-0.02202953699202405
-941.3681030273438,z4,-0.01874603060034587
-937.4592895507812,z4,-0.017991307971688807
-933.5504760742188,z4,-0.019351975046576715
-929.6417236328125,z4,-0.02187701980967595
-925.73291015625,z4,-0.024608422604475794
-921.8240966796875,z4,-0.02706222241211475
-917.915283203125,z4,-0.02931109304106515
-914.0065307617188,z4,-0.03181058592037228
-910.0977172851562,z4,-0.03444800130217856
-906.1889038085938,z4,-0.03663696227967241
-902.2801513671875,z4,-0.03785277990405488
-898.371337890625,z4,-0.037785355945059884
-894.4625244140625,z4,-0.03667942037658958
-890.5537719726562,z4,-0.03492533690870711
-886.6449584960938,z4,-0.0326430687764917
-882.7361450195312,z4,-0.029612262216301602
-878.8273315429688,z4,-0.025957061249727426
-874.9185791015625,z4,-0.022031639021383703
-871.009765625,z4,-0.0178459421490053
-867.1009521484375,z4,-0.013452679300468342
-863.1921997070312,z4,-0.009170702014169823
-859.2833862304688,z4,-0.0058258880030333795
-855.3745727539062,z4,-0.004041822069795799
-851.4658203125,z4,-0.004144452911707602
-847.5570068359375,z4,-0.00601670245626233
-843.648193359375,z4,-0.009069496477518302
-839.7394409179688,z4,-0.012471727544433046
-835.8306274414062,z4,-0.015965457298254687
-831.9218139648438,z4,-0.019628344607846435
-828.0130004882812,z4,-0.022891772451206396
-824.104248046875,z4,-0.02503576243217629
-820.1954345703125,z4,-0.02636550522734169
-816.28662109375,z4,-0.027940345285607807
-812.3778686523438,z4,-0.03013239209915363
-808.4690551757812,z4,-0.03251979944212069
-804.5602416992188,z4,-0.034614131811034406
-800.6514892578125,z4,-0.03604400355481992
-796.74267578125,z4,-0.03640777150735319
-792.8338623046875,z4,-0.03558480838447852
-788.9251098632812,z4,-0.033772459010508224
-785.0162963867188,z4,-0.03112551340929686
-781.1074829101562,z4,-0.02787641258980623
-777.1986694335938,z4,-0.024270937314933436
-773.2899169921875,z4,-0.02035771163857856
-769.381103515625,z4,-0.016135649856903543
-765.4722900390625,z4,-0.01211139716352992
-761.5635375976562,z4,-0.008770488933517744
-757.6547241210938,z4,-0.00679783140962376
-753.7459106445312,z4,-0.006837591047916988
-749.837158203125,z4,-0.00874340220702803
-745.9283447265625,z4,-0.011996131070731933
-742.01953125,z4,-0.01564941312386569
-738.1107788085938,z4,-0.018545520004146856
-734.2019653320312,z4,-0.020397276886674497
-730.2931518554688,z4,-0.021749486079477888
-726.3843383789062,z4,-0.023257986288519193
-722.4755859375,z4,-0.02527815164168436
-718.5667724609375,z4,-0.02772007748458163
-714.657958984375,z4,-0.030269790165828245
-710.7492065429688,z4,-0.03250175324847774
-706.8403930664062,z4,-0.03403983475673141
-702.9315795898438,z4,-0.03486593181322082
-699.0228271484375,z4,-0.03521263140676644
-695.114013671875,z4,-0.035657079444882736
-691.2052001953125,z4,-0.03650162971502896
-687.29638671875,z4,-0.037689440499738304
-683.3876342773438,z4,-0.03921596014356475
-679.4788208007812,z4,-0.040865677029284
-675.5700073242188,z4,-0.04229737949226251
-671.6612548828125,z4,-0.043165522265393885
-667.75244140625,z4,-0.04361824048434371
-663.8436279296875,z4,-0.04432704782007475
-659.9348754882812,z4,-0.045734213433704755
-656.0260620117188,z4,-0.04803242614384489
-652.1172485351562,z4,-0.0511980652406983
-648.20849609375,z4,-0.0548725728317283
-644.2996826171875,z4,-0.058279291570722876
-640.390869140625,z4,-0.06065502401440125
-636.4820556640625,z4,-0.06135954074506959
-632.5733032226562,z4,-0.060559885409191
-628.6644897460938,z4,-0.0591258959408224
-624.7556762695312,z4,-0.05783282759735928
-620.846923828125,z4,-0.057151068854608626
-616.9381103515625,z4,-0.05714332143705341
-613.029296875,z4,-0.05763532946638019
-609.1205444335938,z4,-0.05828890839320622
-605.2117309570312,z4,-0.05879211288557759
-601.3029174804688,z4,-0.059122828376476456
-597.3941650390625,z4,-0.05986435068083565
-593.4853515625,z4,-0.06140850484337581
-589.5765380859375,z4,-0.06374388083547478
-585.667724609375,z4,-0.06653133496239107
-581.7589721679688,z4,-0.06959632415865012
-577.8501586914062,z4,-0.07269266348802053
-573.9413452148438,z4,-0.07563743262914319
-570.0325927734375,z4,-0.07843530723580974
-566.123779296875,z4,-0.08128096571775427
-562.2149658203125,z4,-0.08413856801210583
-558.3062133789062,z4,-0.08687351154182238
-554.3973999023438,z4,-0.08948774057864513
-550.4885864257812,z4,-0.09177226454568313
-546.579833984375,z4,-0.09343179793528011
-542.6710205078125,z4,-0.09445316895050203
-538.76220703125,z4,-0.09510698957863724
-534.8533935546875,z4,-0.0957194260691155
-530.9446411132812,z4,-0.09689051394055836
-527.0358276367188,z4,-0.0990794804284575
-523.1270141601562,z4,-0.10212878985625659
-519.21826171875,z4,-0.1054449187181075
-515.3094482421875,z4,-0.10838181115214024
-511.4006652832031,z4,-0.11063215148944905
-507.4918518066406,z4,-0.11223465075759562
-503.58306884765625,z4,-0.1134682962775957
-499.67425537109375,z4,-0.11430851847592655
-495.7654724121094,z4,-0.11447689583517313
-491.856689453125,z4,-0.11394899635361685
-487.9478759765625,z4,-0.11287250482241917
-484.0390930175781,z4,-0.11125168730451887
-480.1302795410156,z4,-0.10907162217752511
-476.22149658203125,z4,-0.10676399841882481
-472.3127136230469,z4,-0.10500209278639547
-468.4039001464844,z4,-0.10420781656501504
-464.4951171875,z4,-0.1042742576632611
-460.5863342285156,z4,-0.10469996979521785
-456.6775207519531,z4,-0.10490610466152216
-452.76873779296875,z4,-0.1046129325038208
-448.85992431640625,z4,-0.10377830303946532
-444.9511413574219,z4,-0.10283335673258655
-441.0423583984375,z4,-0.102769746483421
-437.133544921875,z4,-0.10426861774564067
-433.2247619628906,z4,-0.10699757456367284
-429.3159484863281,z4,-0.11010187165964257
-425.40716552734375,z4,-0.11268661707289339
-421.4983825683594,z4,-0.11395498664003625
-417.5895690917969,z4,-0.11341173291901087
-413.6807861328125,z4,-0.1114522468801499
-409.77197265625,z4,-0.10901271155667627
-405.8631896972656,z4,-0.10690671340969492
-401.95440673828125,z4,-0.10543868994476854
-398.04559326171875,z4,-0.104905614240341
-394.1368103027344,z4,-0.1055419324290071
-390.22802734375,z4,-0.10691544489460494
-386.3192138671875,z4,-0.10804595836203248
-382.4104309082031,z4,-0.10789295116541855
-378.5016174316406,z4,-0.10603608389197075
-374.59283447265625,z4,-0.1025901158663258
-370.6840515136719,z4,-0.09809901831879105
-366.7752380371094,z4,-0.09326275321579595
-362.866455078125,z4,-0.08870820389465343
-358.9576416015625,z4,-0.08455865351033383
-355.0488586425781,z4,-0.0807103840410147
-351.14007568359375,z4,-0.07672965389681945
-347.23126220703125,z4,-0.07200286159726843
-343.3224792480469,z4,-0.06629736526644175
-339.4136657714844,z4,-0.060122791723083345
-335.5048828125,z4,-0.054378733909169544
-331.5960998535156,z4,-0.04995654010316239
-327.6872863769531,z4,-0.04765377531475165
-323.77850341796875,z4,-0.04764301756439668
-319.8697204589844,z4,-0.049374598052574464
-315.9609069824219,z4,-0.05184378707816833
-312.0521240234375,z4,-0.053982156457219516
-308.143310546875,z4,-0.055167930862673
-304.2345275878906,z4,-0.05531324840216251
-300.32574462890625,z4,-0.0546975295435102
-296.41693115234375,z4,-0.053886417589562134
-292.5081481933594,z4,-0.053199011773995566
-288.5993347167969,z4,-0.052198991404804766
-284.6905517578125,z4,-0.0501292882855254
-280.7817687988281,z4,-0.04639705188036076
-276.8729553222656,z4,-0.04117438454457622
-272.96417236328125,z4,-0.03540970536324575
-269.0553894042969,z4,-0.030137139104531568
-265.1465759277344,z4,-0.02605235124069273
-261.23779296875,z4,-0.023307591305437962
-257.3289794921875,z4,-0.022098737743743317
-253.42019653320312,z4,-0.02247580560631811
-249.5113983154297,z4,-0.023690213074153074
-245.60260009765625,z4,-0.024856102178509563
-241.69381713867188,z4,-0.02531880040562426
-237.78501892089844,z4,-0.024791615390730565
-233.876220703125,z4,-0.0236260693352789
-229.96742248535156,z4,-0.022571001444818363
-226.0586395263672,z4,-0.02196955194038613
-222.14984130859375,z4,-0.021667927027632053
-218.2410430908203,z4,-0.021182065607350902
-214.33224487304688,z4,-0.019740956618742294
-210.42344665527344,z4,-0.016848952497595045
-206.51466369628906,z4,-0.012780603741483952
-202.60586547851562,z4,-0.008460856147794047
-198.6970672607422,z4,-0.004917101811334974
-194.78826904296875,z4,-0.002675512016006105
-190.87948608398438,z4,-0.0017246850126925773
-186.97068786621094,z4,-0.0014477999960816684
-183.0618896484375,z4,-0.0009369719022689351
-179.15309143066406,z4,0.0005211865162508823
-175.24429321289062,z4,0.0029408242539304416
-171.33551025390625,z4,0.0054295086378132575
-167.4267120361328,z4,0.006942379647088188
-163.51791381835938,z4,0.006818958629494339
-159.60911560058594,z4,0.005095538227233349
-155.70033264160156,z4,0.0024519858714610885
-151.79153442382812,z4,-0.00029759344137076125
-147.8827362060547,z4,-0.0025242248248232555
-143.97393798828125,z4,-0.004088321014291249
-140.0651397705078,z4,-0.005244428591725326
-136.15635681152344,z4,-0.006391717841139139
-132.24755859375,z4,-0.007586030641351976
-128.33876037597656,z4,-0.008036775396670689
-124.42996978759766,z4,-0.006583260149491604
-120.52117156982422,z4,-0.0025922280721785724
-116.61238098144531,z4,0.0037134305420839235
-112.70358276367188,z4,0.011065947120810823
-108.79478454589844,z4,0.01743783307312975
-104.88599395751953,z4,0.021333097240962513
-100.9771957397461,z4,0.022305835666677196
-97.06840515136719,z4,0.020850830680809552
-93.15960693359375,z4,0.01838703211579677
-89.25081634521484,z4,0.01637515592362358
-85.3420181274414,z4,0.015636370772463156
-81.4332275390625,z4,0.016412544188823198
-77.52442932128906,z4,0.01828766125109343
-73.61563873291016,z4,0.020189691227672054
-69.70684051513672,z4,0.020914254348247126
-65.79804229736328,z4,0.01995614981036
-61.889251708984375,z4,0.01792365777416044
-57.9804573059082,z4,0.015847875161175657
-54.07166290283203,z4,0.015070248718608289
-50.162864685058594,z4,0.016874730566259297
-46.25407028198242,z4,0.021273521646764108
-42.34527587890625,z4,0.026999931788239763
-38.43648147583008,z4,0.032825062217657436
-34.527687072753906,z4,0.038002433356009904
-30.618892669677734,z4,0.04243045771661534
-26.710098266601562,z4,0.046418643567900514
-22.80130386352539,z4,0.049878771458081436
-18.892507553100586,z4,0.052322238477001855
-14.983713150024414,z4,0.053610528171551985
-11.074918746948242,z4,0.05410080698011648
-7.166123867034912,z4,0.05401310009148021
-3.257328987121582,z4,0.05353275748574122
0.6514657735824585,z4,0.05277582594312369
4.560260772705078,z4,0.05162685124698476
8.46905517578125,z4,0.050019784032321844
12.377850532531738,z4,0.048038030949851755
16.286645889282227,z4,0.04557635479737705
20.1954402923584,z4,0.04250303041022745
24.10423469543457,z4,0.03891120904019554
28.013029098510742,z4,0.035291150865387366
31.921823501586914,z4,0.0324058588290121
35.83061981201172,z4,0.030750343170209422
39.73941421508789,z4,0.03059054734419719
43.64820861816406,z4,0.032033251704990426
47.557003021240234,z4,0.03483185221882114
51.465797424316406,z4,0.038183874627059265
55.37459182739258,z4,0.04075990958184198
59.28338623046875,z4,0.04152639474586005
63.19218063354492,z4,0.0403786366216097
67.1009750366211,z4,0.038152275088232594
71.00977325439453,z4,0.035955656716008665
74.91856384277344,z4,0.0345261770165541
78.82736206054688,z4,0.033752968883170975
82.73615264892578,z4,0.03261147028455554
86.64495086669922,z4,0.03006350474487906
90.55374908447266,z4,0.025797728182955334
94.46253967285156,z4,0.020162180685621714
98.371337890625,z4,0.014103728505300603
102.2801284790039,z4,0.00875317873991803
106.18892669677734,z4,0.005481533890038994
110.09771728515625,z4,0.005104139670690588
114.00651550292969,z4,0.007276496159945069
117.9153060913086,z4,0.011021267989274202
121.82410430908203,z4,0.015425114490811909
125.73290252685547,z4,0.019670197328210386
129.64169311523438,z4,0.023103925080167287
133.5504913330078,z4,0.025276849842859193
137.45928955078125,z4,0.026326399649601734
141.36807250976562,z4,0.026899103335189602
145.27687072753906,z4,0.027505455709881624
149.1856689453125,z4,0.02830037347664187
153.09446716308594,z4,0.029398811561557298
157.0032501220703,z4,0.030880722879631686
160.91204833984375,z4,0.03237735639136405
164.8208465576172,z4,0.03320314350702493
168.72964477539062,z4,0.03283291308145842
172.63844299316406,z4,0.031362076876231645
176.54722595214844,z4,0.029324269261367802
180.45602416992188,z4,0.027019293100707078
184.3648223876953,z4,0.024332003842349025
188.27362060546875,z4,0.020980543549836188
192.18240356445312,z4,0.017114840695862214
196.09120178222656,z4,0.01313293807112709
200.0,z4,0.009287966588449733
-1000.0,z5,0.004190327855890667
-996.0911865234375,z5,0.0032024187458496362
-992.1824340820312,z5,0.001978843755963669
-988.2736206054688,z5,0.00023243852401312414
-984.3648071289062,z5,-0.0021065149288267446
-980.4560546875,z5,-0.004910730425584957
-976.5472412109375,z5,-0.007844797240161882
-972.638427734375,z5,-0.01051220734583739
-968.7296142578125,z5,-0.012494014454874964
-964.8208618164062,z5,-0.013482233852729337
-960.9120483398438,z5,-0.013479824315933918
-957.0032348632812,z5,-0.012912165623672396
-953.094482421875,z5,-0.01237503110817586
-949.1856689453125,z5,-0.012409253170877882
-945.27685546875,z5,-0.013303319962489195
-941.3681030273438,z5,-0.015081716036679531
-937.4592895507812,z5,-0.017719944737951025
-933.5504760742188,z5,-0.02110478550958338
-929.6417236328125,z5,-0.024932054073261142
-925.73291015625,z5,-0.028782782517290995
-921.8240966796875,z5,-0.032293178704748564
-917.915283203125,z5,-0.03527855519319842
-914.0065307617188,z5,-0.03767936135414947
-910.0977172851562,z5,-0.03960315928155488
-906.1889038085938,z5,-0.04124052328026863
-902.2801513671875,z5,-0.0426448263548949
-898.371337890625,z5,-0.0437778271082148
-894.4625244140625,z5,-0.04457936368882029
-890.5537719726562,z5,-0.04503380687834786
-886.6449584960938,z5,-0.045164883533008814
-882.7361450195312,z5,-0.04512462050296191
-878.8273315429688,z5,-0.044989111638191186
-874.9185791015625,z5,-0.044604860457061524
-871.009765625,z5,-0.043838374687129186
-867.1009521484375,z5,-0.04282021841572706
-863.1921997070312,z5,-0.04216711998669092
-859.2833862304688,z5,-0.04254884826970565
-855.3745727539062,z5,-0.04449152482814181
-851.4658203125,z5,-0.04826246606409865
-847.5570068359375,z5,-0.05372847939999431
-843.648193359375,z5,-0.06014872318320767
-839.7394409179688,z5,-0.06651698095621936
-835.8306274414062,z5,-0.0719447974245385
-831.9218139648438,z5,-0.07598042344030186
-828.0130004882812,z5,-0.07882889955857111
-824.104248046875,z5,-0.08095626754906704
-820.1954345703125,z5,-0.08272901338178362
-816.28662109375,z5,-0.08430455060347894
-812.3778686523438,z5,-0.08556827853461878
-808.4690551757812,z5,-0.08617970981675854
-804.5602416992188,z5,-0.08600273751778714
-800.6514892578125,z5,-0.0852201894150216
-796.74267578125,z5,-0.0842935025840464
-792.8338623046875,z5,-0.08363876920708335
-788.9251098632812,z5,-0.08337101122642833
-785.0162963867188,z5,-0.08318795523786435
-781.1074829101562,z5,-0.08270825069841624
-777.1986694335938,z5,-0.08170606440388146
-773.2899169921875,z5,-0.08029082626919601
-769.381103515625,z5,-0.07903233885246892
-765.4722900390625,z5,-0.0787392706686432
-761.5635375976562,z5,-0.08022281270563428
-757.6547241210938,z5,-0.08394647687565146
-753.7459106445312,z5,-0.0896622336258843
-749.837158203125,z5,-0.09645301301188987
-745.9283447265625,z5,-0.10291583415121659
-742.01953125,z5,-0.10772771182249438
-738.1107788085938,z5,-0.11022526514345875
-734.2019653320312,z5,-0.11062336226871827
-730.2931518554688,z5,-0.10997298542006746
-726.3843383789062,z5,-0.1092896578169196
-722.4755859375,z5,-0.10895688458602523
-718.5667724609375,z5,-0.10882681891906713
-714.657958984375,z5,-0.10863271461500827
-710.7492065429688,z5,-0.1081407775119281
-706.8403930664062,z5,-0.10721216736292281
-702.9315795898438,z5,-0.10597578734345989
-699.0228271484375,z5,-0.10501808393982041
-695.114013671875,z5,-0.10514556323677693
-691.2052001953125,z5,-0.10684721229123667
-687.29638671875,z5,-0.10994960525045075
-683.3876342773438,z5,-0.11362323338268218
-679.4788208007812,z5,-0.11680437448506953
-675.5700073242188,z5,-0.11868262627955302
-671.6612548828125,z5,-0.11913195639767449
-667.75244140625,z5,-0.11867878348331079
-663.8436279296875,z5,-0.1179957227462848
-659.9348754882812,z5,-0.11761805304416849
-656.0260620117188,z5,-0.11777173935743056
-652.1172485351562,z5,-0.11828065893535213
-648.20849609375,z5,-0.11865449347887724
-644.2996826171875,z5,-0.11846346576826479
-640.390869140625,z5,-0.11745509034373681
-636.4820556640625,z5,-0.11563540683140838
-632.5733032226562,z5,-0.11346917761482093
-628.6644897460938,z5,-0.11172425271032622
-624.7556762695312,z5,-0.11079232054188387
-620.846923828125,z5,-0.11059442076821333
-616.9381103515625,z5,-0.11072502001993151
-613.029296875,z5,-0.11071629938940628
-609.1205444335938,z5,-0.11030771386658579
-605.2117309570312,z5,-0.1093680616344783
-601.3029174804688,z5,-0.108048076562823
-597.3941650390625,z5,-0.106907197974598
-593.4853515625,z5,-0.10659969747727918
-589.5765380859375,z5,-0.107445467100489
-585.667724609375,z5,-0.10935544894737764
-581.7589721679688,z5,-0.11184982174464479
-577.8501586914062,z5,-0.11416804103787616
-573.9413452148438,z5,-0.11565834504778183
-570.0325927734375,z5,-0.11618989115957697
-566.123779296875,z5,-0.11598595745904731
-562.2149658203125,z5,-0.11546649283481648
-558.3062133789062,z5,-0.11501350912765519
-554.3973999023438,z5,-0.11472594216169915
-550.4885864257812,z5,-0.11430075577360996
-546.579833984375,z5,-0.11330585452272138
-542.6710205078125,z5,-0.11142048545727887
-538.76220703125,z5,-0.10871209214703338
-534.8533935546875,z5,-0.10575873753825205
-530.9446411132812,z5,-0.10336837479174747
-527.0358276367188,z5,-0.10224441928088716
-523.1270141601562,z5,-0.10267316695025275
-519.21826171875,z5,-0.10423468006079674
-515.3094482421875,z5,-0.10595290428939175
-511.4006652832031,z5,-0.1068716378348374
-507.4918518066406,z5,-0.10661331613344266
-503.58306884765625,z5,-0.10537225822228595
-499.67425537109375,z5,-0.10357753454778189
-495.7654724121094,z5,-0.10177478756635909
-491.856689453125,z5,-0.10022323740645075
-487.9478759765625,z5,-0.09857049032330129
-484.0390930175781,z5,-0.09630540837639118
-480.1302795410156,z5,-0.0932801225633912
-476.22149658203125,z5,-0.08974808013128993
-472.3127136230469,z5,-0.08617766088292847
-468.4039001464844,z5,-0.08304490554172506
-464.4951171875,z5,-0.08077462936637302
-460.5863342285156,z5,-0.07945849181030734
-456.6775207519531,z5,-0.0787319530245602
-452.76873779296875,z5,-0.07794936379756519
-448.85992431640625,z5,-0.0764971373951434
-444.9511413574219,z5,-0.07407460276877267
-441.0423583984375,z5,-0.07083994854740971
-437.133544921875,z5,-0.06723148796341653
-433.2247619628906,z5,-0.06374804014728055
-429.3159484863281,z5,-0.06067308387394222
-425.40716552734375,z5,-0.058072819786664155
-421.4983825683594,z5,-0.05578061129442324
-417.5895690917969,z5,-0.05364295739229202
-413.6807861328125,z5,-0.05177439382638162
-409.77197265625,z5,-0.05046989767090356
-405.8631896972656,z5,-0.049850031337098616
-401.95440673828125,z5,-0.049680511241994796
-398.04559326171875,z5,-0.04941187415105775
-394.1368103027344,z5,-0.04832928565272569
-390.22802734375,z5,-0.04579172042370672
-386.3192138671875,z5,-0.04149359944210972
-382.4104309082031,z5,-0.03568905088608867
-378.5016174316406,z5,-0.029088537664428392
-374.59283447265625,z5,-0.022499396294103326
-370.6840515136719,z5,-0.016486884852787792
-366.7752380371094,z5,-0.011116863194083925
-362.866455078125,z5,-0.005905974451188775
-358.9576416015625,z5,-0.0002419689208587585
-355.0488586425781,z5,0.006286874596870175
-351.14007568359375,z5,0.013690368505812615
-347.23126220703125,z5,0.021563120543443146
-343.3224792480469,z5,0.029183217282858682
-339.4136657714844,z5,0.035686645533568026
-335.5048828125,z5,0.04030317806086702
-331.5960998535156,z5,0.04269909474541927
-327.6872863769531,z5,0.04305382174023245
-323.77850341796875,z5,0.04198928208804817
-319.8697204589844,z5,0.04034788981615354
-315.9609069824219,z5,0.03891847825876278
-312.0521240234375,z5,0.038243931859085326
-308.143310546875,z5,0.03860710150463949
-304.2345275878906,z5,0.04003522529827841
-300.32574462890625,z5,0.04243391699952277
-296.41693115234375,z5,0.045671094983598316
-292.5081481933594,z5,0.04953785749639
-288.5993347167969,z5,0.05369012933615062
-284.6905517578125,z5,0.05770659491299191
-280.7817687988281,z5,0.06121675092582778
-276.8729553222656,z5,0.06405440341807168
-272.96417236328125,z5,0.06613525210661161
-269.0553894042969,z5,0.06736647675387113
-265.1465759277344,z5,0.06767419822185901
-261.23779296875,z5,0.06699896148287911
-257.3289794921875,z5,0.06545112571509663
-253.42019653320312,z5,0.06353727651446905
-249.5113983154297,z5,0.06192918882525379
-245.60260009765625,z5,0.061134829368711834
-241.69381713867188,z5,0.06121539878175965
-237.78501892089844,z5,0.06183633258028977
-233.876220703125,z5,0.06253002006203519
-229.96742248535156,z5,0.06307511519138549
-226.0586395263672,z5,0.06357285888293848
-222.14984130859375,z5,0.06437006976814301
-218.2410430908203,z5,0.06584214417158424
-214.33224487304688,z5,0.06809697750598033
-210.42344665527344,z5,0.0708403205385306
-206.51466369628906,z5,0.0735525150085958
-202.60586547851562,z5,0.07577037357074698
-198.6970672607422,z5,0.07734676292639121
-194.78826904296875,z5,0.0784463492974747
-190.87948608398438,z5,0.07942973616189433
-186.97068786621094,z5,0.08067342436758226
-183.0618896484375,z5,0.08237456400523296
-179.15309143066406,z5,0.08441626619550542
-175.24429321289062,z5,0.08641525981050863
-171.33551025390625,z5,0.08793771323216727
-167.4267120361328,z5,0.08882902183739212
-163.51791381835938,z5,0.08926446893576995
-159.60911560058594,z5,0.08948745579772402
-155.70033264160156,z5,0.08959049430361175
-151.79153442382812,z5,0.08954469418114576
-147.8827362060547,z5,0.08924991700251186
-143.97393798828125,z5,0.08849089984653878
-140.0651397705078,z5,0.08718061795349712
-136.15635681152344,z5,0.08569273180283231
-132.24755859375,z5,0.08483551622689357
-128.33876037597656,z5,0.08547784751139013
-124.42996978759766,z5,0.088203029255738
-120.52117156982422,z5,0.09301238182043806
-116.61238098144531,z5,0.0991990533743861
-112.70358276367188,z5,0.10557765679535662
-108.79478454589844,z5,0.11086269920212266
-104.88599395751953,z5,0.11407032965385094
-100.9771957397461,z5,0.11482868124166018
-97.06840515136719,z5,0.11358113173412186
-93.15960693359375,z5,0.11132170037740712
-89.25081634521484,z5,0.1090776429959318
-85.3420181274414,z5,0.10762311646201222
-81.4332275390625,z5,0.10722994451512324
-77.52442932128906,z5,0.10768242702250373
-73.61563873291016,z5,0.10852344128820353
-69.70684051513672,z5,0.10944236512864022
-65.79804229736328,z5,0.11046022125212862
-61.889251708984375,z5,0.11175366358100675
-57.9804573059082,z5,0.11356639439015542
-54.07166290283203,z5,0.11617317204765701
-50.162864685058594,z5,0.11953507304079583
-46.25407028198242,z5,0.1231604421893267
-42.34527587890625,z5,0.12646228198645526
-38.43648147583008,z5,0.12920103712868533
-34.527687072753906,z5,0.13155911973095297
-30.618892669677734,z5,0.13379328000044174
-26.710098266601562,z5,0.13606115961778623
-22.80130386352539,z5,0.138481113089392
-18.892507553100586,z5,0.14098131149046922
-14.983713150024414,z5,0.14308818676313861
-11.074918746948242,z5,0.14414194536141686
-7.166123867034912,z5,0.14361983415185386
-3.257328987121582,z5,0.14148416106539602
0.6514657735824585,z5,0.13826046686807086
4.560260772705078,z5,0.1347755916491371
8.46905517578125,z5,0.1317391143961643
12.377850532531738,z5,0.1294001958331312
16.286645889282227,z5,0.1274854163188993
20.1954402923584,z5,0.12550559747969942
24.10423469543457,z5,0.12301805722996331
28.013029098510742,z5,0.11980960152546768
31.921823501586914,z5,0.11614083067719862
35.83061981201172,z5,0.1128327669819916
39.73941421508789,z5,0.11081523924798754
43.64820861816406,z5,0.11055556677314125
47.557003021240234,z5,0.11174573263376313
51.465797424316406,z5,0.11340211675486364
55.37459182739258,z5,0.11438163221856068
59.28338623046875,z5,0.11387540263605564
63.19218063354492,z5,0.11162080967261229
67.1009750366211,z5,0.10794305489419191
71.00977325439453,z5,0.10367780392064907
74.91856384277344,z5,0.09970922102180617
78.82736206054688,z5,0.09634602862937208
82.73615264892578,z5,0.09318288010575226
86.64495086669922,z5,0.08953827856539452
90.55374908447266,z5,0.08494011841589286
94.46253967285156,z5,0.0793454474721813
98.371337890625,z5,0.07330504905977506
102.2801284790039,z5,0.06801590575021174
106.18892669677734,z5,0.06485355904999324
110.09771728515625,z5,0.06463700661878247
114.00651550292969,z5,0.06708921631422435
117.9153060913086,z5,0.07094760711960348
121.82410430908203,z5,0.07454660906032647
125.73290252685547,z5,0.07647145574338952
129.64169311523438,z5,0.07626048773096447
133.5504913330078,z5,0.07462307640776641
137.45928955078125,z5,0.07285510049729096
141.36807250976562,z5,0.07201396185170458
145.27687072753906,z5,0.07234593242630535
149.1856689453125,z5,0.07333787689484757
153.09446716308594,z5,0.07408762133344424
157.0032501220703,z5,0.07374264409021766
160.91204833984375,z5,0.07209753567980674
164.8208465576172,z5,0.06981151706420728
168.72964477539062,z5,0.06786455104785147
172.63844299316406,z5,0.06682821119690349
176.54722595214844,z5,0.0664311545357359
180.45602416992188,z5,0.06574098514514096
184.3648223876953,z5,0.06379456885290401
188.27362060546875,z5,0.06002572158871263
192.18240356445312,z5,0.054452454867919685
196.09120178222656,z5,0.04800854406336387
200.0,z5,0.042128849377690875
