window,target,model,feature,mean_coefficient,std_coefficient,abs_mean_coefficient,sign_consistency
early_pre_response,RT_ms,baseline_plus_hidden,hidden_00,-138.96315685095837,40.54941924534043,138.96315685095837,1.0
early_pre_response,RT_ms,baseline_plus_hidden,hidden_01,-9.147653770806574,13.80850257133912,9.147653770806574,0.8
early_pre_response,RT_ms,baseline_plus_hidden,hidden_02,117.94651085832159,74.08644596398749,117.94651085832159,1.0
early_pre_response,RT_ms,baseline_plus_hidden,hidden_03,99.65450544195475,43.991273549481484,99.65450544195475,1.0
early_pre_response,RT_ms,baseline_plus_hidden,hidden_04,127.68717821457786,99.09699361820927,127.68717821457786,1.0
early_pre_response,RT_ms,baseline_plus_hidden,hidden_05,-4.467722642396977,6.196251791552603,4.467722642396977,0.6
early_pre_response,RT_ms,baseline_plus_hidden,hidden_06,13.406989780333271,28.125993520765196,13.406989780333271,0.6
early_pre_response,RT_ms,baseline_plus_hidden,hidden_07,88.80488754611324,22.829573514515637,88.80488754611324,1.0
early_pre_response,RT_ms,baseline_plus_hidden,hidden_08,53.6110829224559,4.036812125599489,53.6110829224559,1.0
early_pre_response,RT_ms,baseline_plus_hidden,hidden_09,-43.83070426003725,63.15105768800941,43.83070426003725,0.6
early_pre_response,RT_ms,baseline_plus_hidden,hidden_10,71.18891380569143,29.789727257083698,71.18891380569143,1.0
early_pre_response,RT_ms,baseline_plus_hidden,hidden_11,26.45402214938798,41.744702570766094,26.45402214938798,0.6
early_pre_response,RT_ms,baseline_plus_hidden,hidden_12,10.536569973965012,1.7936696143689221,10.536569973965012,1.0
early_pre_response,RT_ms,baseline_plus_hidden,hidden_13,-174.6216610783951,60.16276135837783,174.6216610783951,1.0
early_pre_response,RT_ms,baseline_plus_hidden,hidden_14,-4.545929715670898,19.215443651035788,4.545929715670898,0.6
early_pre_response,RT_ms,baseline_plus_hidden,hidden_15,-1.538713743072785,2.824234735475934,1.538713743072785,0.6
early_pre_response,RT_ms,baseline_plus_hidden,hidden_16,-19.402885612662466,7.360353406068061,19.402885612662466,1.0
early_pre_response,RT_ms,baseline_plus_hidden,hidden_17,19.534098975598468,18.989214501311498,19.534098975598468,0.8
early_pre_response,RT_ms,baseline_plus_hidden,hidden_18,110.05534656964517,32.43059477341496,110.05534656964517,1.0
early_pre_response,RT_ms,baseline_plus_hidden,hidden_19,27.377832656173364,4.720063871751817,27.377832656173364,1.0
early_pre_response,RT_ms,baseline_plus_hidden,hidden_20,62.51320528475359,14.283274608822195,62.51320528475359,1.0
early_pre_response,RT_ms,baseline_plus_hidden,hidden_21,23.39501159959675,19.405798164941,23.39501159959675,1.0
early_pre_response,RT_ms,baseline_plus_hidden,hidden_22,-4.9931174291354,11.402762692087403,4.9931174291354,0.6
early_pre_response,RT_ms,baseline_plus_hidden,hidden_23,5.490966209589702,5.574967152124583,5.490966209589702,1.0
early_pre_response,RT_ms,baseline_plus_hidden,hidden_24,-8.927365362971281,8.018431212953105,8.927365362971281,0.8
early_pre_response,RT_ms,baseline_plus_hidden,hidden_25,28.247647555510316,17.516009494818658,28.247647555510316,0.8
early_pre_response,RT_ms,baseline_plus_hidden,hidden_26,77.8706915548619,45.28673832140007,77.8706915548619,1.0
early_pre_response,RT_ms,baseline_plus_hidden,hidden_27,-13.539923801207285,28.843739635675057,13.539923801207285,0.6
early_pre_response,RT_ms,baseline_plus_hidden,hidden_28,15.103401169608933,9.358958066053672,15.103401169608933,1.0
early_pre_response,RT_ms,baseline_plus_hidden,hidden_29,41.16828967491334,25.968383256010313,41.16828967491334,1.0
early_pre_response,RT_ms,baseline_plus_hidden,hidden_30,-131.3301578153891,20.16282811429822,131.3301578153891,1.0
early_pre_response,RT_ms,baseline_plus_hidden,hidden_31,-24.79545604045338,5.564940752104658,24.79545604045338,1.0
early_pre_response,RT_ms,baseline_plus_shuffled_hidden,shuffled_hidden_00,4.07205269506043,2.21792487310422,4.07205269506043,1.0
early_pre_response,RT_ms,baseline_plus_shuffled_hidden,shuffled_hidden_01,-4.413038345890987,5.482693642146676,4.413038345890987,0.6
early_pre_response,RT_ms,baseline_plus_shuffled_hidden,shuffled_hidden_02,-3.8168088337661317,2.422769044479084,3.8168088337661317,1.0
early_pre_response,RT_ms,baseline_plus_shuffled_hidden,shuffled_hidden_03,1.5594107554530214,2.373505855230866,1.5594107554530214,0.8
early_pre_response,RT_ms,baseline_plus_shuffled_hidden,shuffled_hidden_04,-0.15496370595379022,3.568078150875086,0.15496370595379022,0.6
early_pre_response,RT_ms,baseline_plus_shuffled_hidden,shuffled_hidden_05,-7.677458176613959,2.5347179241562827,7.677458176613959,1.0
early_pre_response,RT_ms,baseline_plus_shuffled_hidden,shuffled_hidden_06,2.1837408227459623,1.7673951868965077,2.1837408227459623,0.8
early_pre_response,RT_ms,baseline_plus_shuffled_hidden,shuffled_hidden_07,-12.522362154754884,4.730701811046345,12.522362154754884,1.0
early_pre_response,RT_ms,baseline_plus_shuffled_hidden,shuffled_hidden_08,2.1225359197291525,3.5488785679255463,2.1225359197291525,0.8
early_pre_response,RT_ms,baseline_plus_shuffled_hidden,shuffled_hidden_09,-1.8380767107930995,0.788085899398947,1.8380767107930995,1.0
early_pre_response,RT_ms,baseline_plus_shuffled_hidden,shuffled_hidden_10,6.422465755500816,7.458781904618597,6.422465755500816,1.0
early_pre_response,RT_ms,baseline_plus_shuffled_hidden,shuffled_hidden_11,-4.086011732614365,3.6664452128878224,4.086011732614365,0.8
early_pre_response,RT_ms,baseline_plus_shuffled_hidden,shuffled_hidden_12,-0.15423215534959323,1.5756832937226057,0.15423215534959323,0.6
early_pre_response,RT_ms,baseline_plus_shuffled_hidden,shuffled_hidden_13,10.222158030642415,7.537035707322486,10.222158030642415,1.0
early_pre_response,RT_ms,baseline_plus_shuffled_hidden,shuffled_hidden_14,-3.2101894070364905,3.2951485163600744,3.2101894070364905,0.8
early_pre_response,RT_ms,baseline_plus_shuffled_hidden,shuffled_hidden_15,-0.29385964633419875,2.759174996669972,0.29385964633419875,0.6
early_pre_response,RT_ms,baseline_plus_shuffled_hidden,shuffled_hidden_16,2.0939308966158845,1.5723161073630627,2.0939308966158845,0.8
early_pre_response,RT_ms,baseline_plus_shuffled_hidden,shuffled_hidden_17,-7.408826983733505,4.671822389463639,7.408826983733505,1.0
early_pre_response,RT_ms,baseline_plus_shuffled_hidden,shuffled_hidden_18,1.3707957006283473,2.4825045855137193,1.3707957006283473,0.8
early_pre_response,RT_ms,baseline_plus_shuffled_hidden,shuffled_hidden_19,-1.5876138834170237,3.4033764576615746,1.5876138834170237,0.8
early_pre_response,RT_ms,baseline_plus_shuffled_hidden,shuffled_hidden_20,5.212210772538141,2.999850660981236,5.212210772538141,1.0
early_pre_response,RT_ms,baseline_plus_shuffled_hidden,shuffled_hidden_21,8.986912816491962,3.665616352752037,8.986912816491962,1.0
early_pre_response,RT_ms,baseline_plus_shuffled_hidden,shuffled_hidden_22,2.5124025334935327,2.7105935568874515,2.5124025334935327,0.8
early_pre_response,RT_ms,baseline_plus_shuffled_hidden,shuffled_hidden_23,0.7503680289059569,1.189213855889106,0.7503680289059569,0.8
early_pre_response,RT_ms,baseline_plus_shuffled_hidden,shuffled_hidden_24,-7.227044280702394,3.936747025591206,7.227044280702394,1.0
early_pre_response,RT_ms,baseline_plus_shuffled_hidden,shuffled_hidden_25,5.736177627128727,4.266014668538699,5.736177627128727,1.0
early_pre_response,RT_ms,baseline_plus_shuffled_hidden,shuffled_hidden_26,-1.179706218498751,2.786686221078762,1.179706218498751,0.8
early_pre_response,RT_ms,baseline_plus_shuffled_hidden,shuffled_hidden_27,-7.958566554724824,5.7594466666711055,7.958566554724824,1.0
early_pre_response,RT_ms,baseline_plus_shuffled_hidden,shuffled_hidden_28,1.3870366914854453,2.56277596015744,1.3870366914854453,0.8
early_pre_response,RT_ms,baseline_plus_shuffled_hidden,shuffled_hidden_29,1.922097467548785,1.2709887141093852,1.922097467548785,1.0
early_pre_response,RT_ms,baseline_plus_shuffled_hidden,shuffled_hidden_30,2.684530975676714,6.5056485269829105,2.684530975676714,0.6
early_pre_response,RT_ms,baseline_plus_shuffled_hidden,shuffled_hidden_31,2.0060421047584405,0.7631204213500995,2.0060421047584405,1.0
early_pre_response,RT_ms,hidden,hidden_00,-188.74567718505858,64.0547927410708,188.74567718505858,1.0
early_pre_response,RT_ms,hidden,hidden_01,54.70879364013672,11.891690346019514,54.70879364013672,1.0
early_pre_response,RT_ms,hidden,hidden_02,119.76849365234375,82.29470210384405,119.76849365234375,1.0
early_pre_response,RT_ms,hidden,hidden_03,155.99457244873048,66.81638248377733,155.99457244873048,1.0
early_pre_response,RT_ms,hidden,hidden_04,175.88812713623048,103.82736233552987,175.88812713623048,1.0
early_pre_response,RT_ms,hidden,hidden_05,-6.489339303970337,7.700835369616245,6.489339303970337,0.8
early_pre_response,RT_ms,hidden,hidden_06,-47.340460205078124,8.182766013889875,47.340460205078124,1.0
early_pre_response,RT_ms,hidden,hidden_07,77.69589538574219,8.046434372269703,77.69589538574219,1.0
early_pre_response,RT_ms,hidden,hidden_08,75.79525909423828,6.177369042380183,75.79525909423828,1.0
early_pre_response,RT_ms,hidden,hidden_09,25.921287250518798,54.92346277116068,25.921287250518798,0.6
early_pre_response,RT_ms,hidden,hidden_10,130.08244781494142,46.36505542307239,130.08244781494142,1.0
early_pre_response,RT_ms,hidden,hidden_11,19.718235778808594,44.10497622339572,19.718235778808594,0.6
early_pre_response,RT_ms,hidden,hidden_12,17.345699501037597,1.579697207805168,17.345699501037597,1.0
early_pre_response,RT_ms,hidden,hidden_13,-195.68610534667968,47.56724483130674,195.68610534667968,1.0
early_pre_response,RT_ms,hidden,hidden_14,-19.42410707473755,14.356633303071622,19.42410707473755,1.0
early_pre_response,RT_ms,hidden,hidden_15,5.057811641693116,4.873742059002779,5.057811641693116,0.8
early_pre_response,RT_ms,hidden,hidden_16,-35.49644241333008,8.049913591205334,35.49644241333008,1.0
early_pre_response,RT_ms,hidden,hidden_17,34.410550594329834,21.048828996880598,34.410550594329834,1.0
early_pre_response,RT_ms,hidden,hidden_18,155.99457855224608,35.384976463759635,155.99457855224608,1.0
early_pre_response,RT_ms,hidden,hidden_19,12.590909385681153,4.6107353341068205,12.590909385681153,1.0
early_pre_response,RT_ms,hidden,hidden_20,80.7202377319336,18.863772503704844,80.7202377319336,1.0
early_pre_response,RT_ms,hidden,hidden_21,18.046275520324706,24.00210077106547,18.046275520324706,0.6
early_pre_response,RT_ms,hidden,hidden_22,-4.827078342437744,13.410594613324873,4.827078342437744,0.6
early_pre_response,RT_ms,hidden,hidden_23,8.371894264221192,4.385596498220382,8.371894264221192,1.0
early_pre_response,RT_ms,hidden,hidden_24,-14.778804683685303,11.158194404214465,14.778804683685303,1.0
early_pre_response,RT_ms,hidden,hidden_25,34.607841753959654,21.811862791663884,34.607841753959654,0.8
early_pre_response,RT_ms,hidden,hidden_26,102.3276741027832,43.14006173920349,102.3276741027832,1.0
early_pre_response,RT_ms,hidden,hidden_27,24.10296001434326,19.797038014775385,24.10296001434326,0.8
early_pre_response,RT_ms,hidden,hidden_28,22.58855676651001,11.127509820190225,22.58855676651001,1.0
early_pre_response,RT_ms,hidden,hidden_29,41.84134187698364,25.05759912448282,41.84134187698364,1.0
early_pre_response,RT_ms,hidden,hidden_30,-182.04051208496094,29.653791718951545,182.04051208496094,1.0
early_pre_response,RT_ms,hidden,hidden_31,-47.30125198364258,7.856448834590866,47.30125198364258,1.0
early_pre_response,log_RT_ms,baseline_plus_hidden,hidden_00,-0.1854114200745835,0.04838580617360231,0.1854114200745835,1.0
early_pre_response,log_RT_ms,baseline_plus_hidden,hidden_01,-0.0002648048244449485,0.01538321612574095,0.0002648048244449485,0.6
early_pre_response,log_RT_ms,baseline_plus_hidden,hidden_02,0.14310230953904152,0.08000623013570521,0.14310230953904152,1.0
early_pre_response,log_RT_ms,baseline_plus_hidden,hidden_03,0.10738242526328885,0.045895297721911615,0.10738242526328885,1.0
early_pre_response,log_RT_ms,baseline_plus_hidden,hidden_04,0.17386774401158772,0.11086979047553497,0.17386774401158772,1.0
early_pre_response,log_RT_ms,baseline_plus_hidden,hidden_05,-0.004418571060153528,0.007501220818871348,0.004418571060153528,0.8
early_pre_response,log_RT_ms,baseline_plus_hidden,hidden_06,-0.0014575205903708214,0.030163579898170263,0.0014575205903708214,0.6
early_pre_response,log_RT_ms,baseline_plus_hidden,hidden_07,0.098988905031445,0.023791205169241627,0.098988905031445,1.0
early_pre_response,log_RT_ms,baseline_plus_hidden,hidden_08,0.07263707783680885,0.005987501700254417,0.07263707783680885,1.0
early_pre_response,log_RT_ms,baseline_plus_hidden,hidden_09,-0.04317319797606177,0.06432303384934504,0.04317319797606177,0.6
early_pre_response,log_RT_ms,baseline_plus_hidden,hidden_10,0.10123439043263618,0.03489387665340431,0.10123439043263618,1.0
early_pre_response,log_RT_ms,baseline_plus_hidden,hidden_11,0.04420003719239814,0.04712404547264301,0.04420003719239814,0.6
early_pre_response,log_RT_ms,baseline_plus_hidden,hidden_12,-0.0001659470651558168,0.0022717524963536497,0.0001659470651558168,0.6
early_pre_response,log_RT_ms,baseline_plus_hidden,hidden_13,-0.23330713014648613,0.06454289552900247,0.23330713014648613,1.0
early_pre_response,log_RT_ms,baseline_plus_hidden,hidden_14,-0.005654474777909509,0.02171482265560301,0.005654474777909509,0.6
early_pre_response,log_RT_ms,baseline_plus_hidden,hidden_15,0.0003881079977457647,0.0031957162981207836,0.0003881079977457647,0.6
early_pre_response,log_RT_ms,baseline_plus_hidden,hidden_16,-0.02202287704564359,0.00827079032609559,0.02202287704564359,1.0
early_pre_response,log_RT_ms,baseline_plus_hidden,hidden_17,0.011125531910728254,0.02396410909770545,0.011125531910728254,0.8
early_pre_response,log_RT_ms,baseline_plus_hidden,hidden_18,0.14383992589223207,0.033813119841473296,0.14383992589223207,1.0
early_pre_response,log_RT_ms,baseline_plus_hidden,hidden_19,0.034662758365869094,0.005545671585158179,0.034662758365869094,1.0
early_pre_response,log_RT_ms,baseline_plus_hidden,hidden_20,0.07798835234108381,0.015506892813366592,0.07798835234108381,1.0
early_pre_response,log_RT_ms,baseline_plus_hidden,hidden_21,0.034913661401240595,0.025109593741415685,0.034913661401240595,1.0
early_pre_response,log_RT_ms,baseline_plus_hidden,hidden_22,-0.006458435193553919,0.013002340618321683,0.006458435193553919,0.6
early_pre_response,log_RT_ms,baseline_plus_hidden,hidden_23,0.00588510416180251,0.006735243264927009,0.00588510416180251,0.8
early_pre_response,log_RT_ms,baseline_plus_hidden,hidden_24,-0.014337112299617687,0.010605332721155923,0.014337112299617687,1.0
early_pre_response,log_RT_ms,baseline_plus_hidden,hidden_25,0.029702536211391396,0.020178330973237162,0.029702536211391396,0.8
early_pre_response,log_RT_ms,baseline_plus_hidden,hidden_26,0.08786517306567895,0.05005614224557666,0.08786517306567895,1.0
early_pre_response,log_RT_ms,baseline_plus_hidden,hidden_27,-0.007381477298579096,0.03369857208192524,0.007381477298579096,0.6
early_pre_response,log_RT_ms,baseline_plus_hidden,hidden_28,0.01825029763439158,0.011966540214429028,0.01825029763439158,1.0
early_pre_response,log_RT_ms,baseline_plus_hidden,hidden_29,0.05863286208262917,0.02906975908070211,0.05863286208262917,1.0
early_pre_response,log_RT_ms,baseline_plus_hidden,hidden_30,-0.15632394525453433,0.022629711437929686,0.15632394525453433,1.0
early_pre_response,log_RT_ms,baseline_plus_hidden,hidden_31,-0.034694953951097375,0.005463299337255118,0.034694953951097375,1.0
early_pre_response,log_RT_ms,baseline_plus_shuffled_hidden,shuffled_hidden_00,0.005506237523576494,0.0022890519245214263,0.005506237523576494,1.0
early_pre_response,log_RT_ms,baseline_plus_shuffled_hidden,shuffled_hidden_01,-0.005373874050794758,0.007263101124359138,0.005373874050794758,0.6
early_pre_response,log_RT_ms,baseline_plus_shuffled_hidden,shuffled_hidden_02,-0.004115666603655711,0.0023844146318906185,0.004115666603655711,1.0
early_pre_response,log_RT_ms,baseline_plus_shuffled_hidden,shuffled_hidden_03,0.004025437103194746,0.0029884264540593303,0.004025437103194746,1.0
early_pre_response,log_RT_ms,baseline_plus_shuffled_hidden,shuffled_hidden_04,0.0002362441126055017,0.003394443620541388,0.0002362441126055017,0.6
early_pre_response,log_RT_ms,baseline_plus_shuffled_hidden,shuffled_hidden_05,-0.008586265010159274,0.00339720992913598,0.008586265010159274,1.0
early_pre_response,log_RT_ms,baseline_plus_shuffled_hidden,shuffled_hidden_06,0.002211606560386789,0.0017212340718441052,0.002211606560386789,0.8
early_pre_response,log_RT_ms,baseline_plus_shuffled_hidden,shuffled_hidden_07,-0.01301242181753837,0.004871348220946727,0.01301242181753837,1.0
early_pre_response,log_RT_ms,baseline_plus_shuffled_hidden,shuffled_hidden_08,0.002805661345579034,0.003963008549757551,0.002805661345579034,0.8
early_pre_response,log_RT_ms,baseline_plus_shuffled_hidden,shuffled_hidden_09,-0.0017976325185477715,0.0013254356673422243,0.0017976325185477715,0.8
early_pre_response,log_RT_ms,baseline_plus_shuffled_hidden,shuffled_hidden_10,0.006499592655399167,0.0073368893483130495,0.006499592655399167,1.0
early_pre_response,log_RT_ms,baseline_plus_shuffled_hidden,shuffled_hidden_11,-0.005824598763213862,0.004185486469732931,0.005824598763213862,0.8
early_pre_response,log_RT_ms,baseline_plus_shuffled_hidden,shuffled_hidden_12,0.00047773321220367465,0.001869519295469022,0.00047773321220367465,0.6
early_pre_response,log_RT_ms,baseline_plus_shuffled_hidden,shuffled_hidden_13,0.01168516480813125,0.008618731837501697,0.01168516480813125,1.0
early_pre_response,log_RT_ms,baseline_plus_shuffled_hidden,shuffled_hidden_14,-0.004300373578633597,0.004408778415159424,0.004300373578633597,0.8
early_pre_response,log_RT_ms,baseline_plus_shuffled_hidden,shuffled_hidden_15,-1.6394995213242677e-05,0.0030384921771700406,1.6394995213242677e-05,0.6
early_pre_response,log_RT_ms,baseline_plus_shuffled_hidden,shuffled_hidden_16,0.0032067801239562045,0.0015445322791955093,0.0032067801239562045,1.0
early_pre_response,log_RT_ms,baseline_plus_shuffled_hidden,shuffled_hidden_17,-0.009373974138063993,0.004957574374127551,0.009373974138063993,1.0
early_pre_response,log_RT_ms,baseline_plus_shuffled_hidden,shuffled_hidden_18,0.0010549594040106687,0.0026935218287120386,0.0010549594040106687,0.6
early_pre_response,log_RT_ms,baseline_plus_shuffled_hidden,shuffled_hidden_19,0.0004338246169122855,0.005675446495751831,0.0004338246169122855,0.6
early_pre_response,log_RT_ms,baseline_plus_shuffled_hidden,shuffled_hidden_20,0.004268981299430111,0.0029607339311498405,0.004268981299430111,1.0
early_pre_response,log_RT_ms,baseline_plus_shuffled_hidden,shuffled_hidden_21,0.010428022737244209,0.003125536100724494,0.010428022737244209,1.0
early_pre_response,log_RT_ms,baseline_plus_shuffled_hidden,shuffled_hidden_22,0.004088343749422295,0.0035447545103284932,0.004088343749422295,0.8
early_pre_response,log_RT_ms,baseline_plus_shuffled_hidden,shuffled_hidden_23,0.00031928160302682995,0.001148940754060636,0.00031928160302682995,0.6
early_pre_response,log_RT_ms,baseline_plus_shuffled_hidden,shuffled_hidden_24,-0.009130811555324733,0.003753883079168558,0.009130811555324733,1.0
early_pre_response,log_RT_ms,baseline_plus_shuffled_hidden,shuffled_hidden_25,0.007000271116867328,0.004548429390042018,0.007000271116867328,1.0
early_pre_response,log_RT_ms,baseline_plus_shuffled_hidden,shuffled_hidden_26,-0.0010610177317479177,0.0028458298286944484,0.0010610177317479177,0.8
early_pre_response,log_RT_ms,baseline_plus_shuffled_hidden,shuffled_hidden_27,-0.009733903174244994,0.0071006035085381045,0.009733903174244994,1.0
early_pre_response,log_RT_ms,baseline_plus_shuffled_hidden,shuffled_hidden_28,0.0006571010246963157,0.0029240472229398913,0.0006571010246963157,0.8
early_pre_response,log_RT_ms,baseline_plus_shuffled_hidden,shuffled_hidden_29,0.002220261922196668,0.0010433477522583732,0.002220261922196668,1.0
early_pre_response,log_RT_ms,baseline_plus_shuffled_hidden,shuffled_hidden_30,0.004148636433734271,0.0072036983364563035,0.004148636433734271,0.6
early_pre_response,log_RT_ms,baseline_plus_shuffled_hidden,shuffled_hidden_31,0.003581133691997431,0.0014017826242607,0.003581133691997431,1.0
early_pre_response,log_RT_ms,hidden,hidden_00,-0.2354156494140625,0.07598863469240676,0.2354156494140625,1.0
early_pre_response,log_RT_ms,hidden,hidden_01,0.07158924639225006,0.013398001806846686,0.07158924639225006,1.0
early_pre_response,log_RT_ms,hidden,hidden_02,0.13718904927372932,0.09167400001999473,0.13718904927372932,1.0
early_pre_response,log_RT_ms,hidden,hidden_03,0.1564361646771431,0.07074159046964415,0.1564361646771431,1.0
early_pre_response,log_RT_ms,hidden,hidden_04,0.21732326596975327,0.12612753613852246,0.21732326596975327,1.0
early_pre_response,log_RT_ms,hidden,hidden_05,-0.005425872579144198,0.01007801117204287,0.005425872579144198,0.8
early_pre_response,log_RT_ms,hidden,hidden_06,-0.06495516300201416,0.011961254058384111,0.06495516300201416,1.0
early_pre_response,log_RT_ms,hidden,hidden_07,0.08558214455842972,0.007688064150935708,0.08558214455842972,1.0
early_pre_response,log_RT_ms,hidden,hidden_08,0.09484784305095673,0.00833624429692825,0.09484784305095673,1.0
early_pre_response,log_RT_ms,hidden,hidden_09,0.0482472388073802,0.0639195997128356,0.0482472388073802,0.8
early_pre_response,log_RT_ms,hidden,hidden_10,0.1588274508714676,0.0560837718509924,0.1588274508714676,1.0
early_pre_response,log_RT_ms,hidden,hidden_11,0.034783356636762616,0.05033650960219979,0.034783356636762616,0.6
early_pre_response,log_RT_ms,hidden,hidden_12,0.006977430451661349,0.0020427503275754905,0.006977430451661349,1.0
early_pre_response,log_RT_ms,hidden,hidden_13,-0.2479650318622589,0.05965773624859598,0.2479650318622589,1.0
early_pre_response,log_RT_ms,hidden,hidden_14,-0.02643077876418829,0.019846994020322004,0.02643077876418829,1.0
early_pre_response,log_RT_ms,hidden,hidden_15,0.00796185708604753,0.0056874366523259,0.00796185708604753,0.8
early_pre_response,log_RT_ms,hidden,hidden_16,-0.04173667803406715,0.009282636234275776,0.04173667803406715,1.0
early_pre_response,log_RT_ms,hidden,hidden_17,0.027260158210992813,0.024967690616286144,0.027260158210992813,0.8
early_pre_response,log_RT_ms,hidden,hidden_18,0.18977265954017639,0.04131828037303342,0.18977265954017639,1.0
early_pre_response,log_RT_ms,hidden,hidden_19,0.019766128808259963,0.003566443906949466,0.019766128808259963,1.0
early_pre_response,log_RT_ms,hidden,hidden_20,0.09589221179485322,0.021997636097820714,0.09589221179485322,1.0
early_pre_response,log_RT_ms,hidden,hidden_21,0.02270501405437244,0.026335971629406194,0.02270501405437244,0.8
early_pre_response,log_RT_ms,hidden,hidden_22,-0.007534931920235977,0.016901075120547088,0.007534931920235977,0.6
early_pre_response,log_RT_ms,hidden,hidden_23,0.009682852961122989,0.00546703187377956,0.009682852961122989,1.0
early_pre_response,log_RT_ms,hidden,hidden_24,-0.02108524115756154,0.01455059389399903,0.02108524115756154,1.0
early_pre_response,log_RT_ms,hidden,hidden_25,0.031246684677898883,0.024261044940185432,0.031246684677898883,0.8
early_pre_response,log_RT_ms,hidden,hidden_26,0.10428459271788597,0.048763669979158035,0.10428459271788597,1.0
early_pre_response,log_RT_ms,hidden,hidden_27,0.03236511275172234,0.02649075865894212,0.03236511275172234,0.8
early_pre_response,log_RT_ms,hidden,hidden_28,0.024864464346319438,0.013772533015047243,0.024864464346319438,1.0
early_pre_response,log_RT_ms,hidden,hidden_29,0.056157742813229564,0.028769234775917578,0.056157742813229564,1.0
early_pre_response,log_RT_ms,hidden,hidden_30,-0.20885307788848878,0.03448804334382631,0.20885307788848878,1.0
early_pre_response,log_RT_ms,hidden,hidden_31,-0.06011515110731125,0.009143597421258667,0.06011515110731125,1.0
full_pre_response,RT_ms,baseline_plus_hidden,hidden_00,-133.54702310948542,75.79571403610406,133.54702310948542,1.0
full_pre_response,RT_ms,baseline_plus_hidden,hidden_01,-34.199806063852705,14.138083872784001,34.199806063852705,1.0
full_pre_response,RT_ms,baseline_plus_hidden,hidden_02,127.23087869070996,95.19299389354326,127.23087869070996,1.0
full_pre_response,RT_ms,baseline_plus_hidden,hidden_03,109.72017641437658,60.67344738759558,109.72017641437658,1.0
full_pre_response,RT_ms,baseline_plus_hidden,hidden_04,94.04137329334432,109.8886249491977,94.04137329334432,0.6
full_pre_response,RT_ms,baseline_plus_hidden,hidden_05,-6.945782194786458,7.627575854644201,6.945782194786458,0.8
full_pre_response,RT_ms,baseline_plus_hidden,hidden_06,45.55093856762193,33.89567804455914,45.55093856762193,1.0
full_pre_response,RT_ms,baseline_plus_hidden,hidden_07,97.66713476311745,30.868453566165797,97.66713476311745,1.0
full_pre_response,RT_ms,baseline_plus_hidden,hidden_08,23.618167489569082,11.248629528831913,23.618167489569082,1.0
full_pre_response,RT_ms,baseline_plus_hidden,hidden_09,-1.3180078370162265,28.894148636345744,1.3180078370162265,0.8
full_pre_response,RT_ms,baseline_plus_hidden,hidden_10,57.80142711116694,24.160873153034526,57.80142711116694,1.0
full_pre_response,RT_ms,baseline_plus_hidden,hidden_11,11.00267335986836,46.602121517196764,11.00267335986836,0.6
full_pre_response,RT_ms,baseline_plus_hidden,hidden_12,26.610208435067687,1.96314561815773,26.610208435067687,1.0
full_pre_response,RT_ms,baseline_plus_hidden,hidden_13,-164.37150464440646,113.91929214951564,164.37150464440646,1.0
full_pre_response,RT_ms,baseline_plus_hidden,hidden_14,-1.8811161200622337,13.004921899430661,1.8811161200622337,0.6
full_pre_response,RT_ms,baseline_plus_hidden,hidden_15,1.0466316777738562,2.5650984839075996,1.0466316777738562,0.6
full_pre_response,RT_ms,baseline_plus_hidden,hidden_16,-17.17781104349181,12.602925435978593,17.17781104349181,0.8
full_pre_response,RT_ms,baseline_plus_hidden,hidden_17,10.888302323881565,20.221423228906573,10.888302323881565,0.8
full_pre_response,RT_ms,baseline_plus_hidden,hidden_18,98.42882571273596,48.20632287710081,98.42882571273596,1.0
full_pre_response,RT_ms,baseline_plus_hidden,hidden_19,50.14072113244257,16.794291760881926,50.14072113244257,1.0
full_pre_response,RT_ms,baseline_plus_hidden,hidden_20,54.553102702879166,26.64503678617777,54.553102702879166,1.0
full_pre_response,RT_ms,baseline_plus_hidden,hidden_21,28.9795891720294,27.197733824663775,28.9795891720294,1.0
full_pre_response,RT_ms,baseline_plus_hidden,hidden_22,-2.7523368476377614,16.186384343851177,2.7523368476377614,0.6
full_pre_response,RT_ms,baseline_plus_hidden,hidden_23,7.626435801755756,4.710649986198921,7.626435801755756,1.0
full_pre_response,RT_ms,baseline_plus_hidden,hidden_24,-10.19347205269813,10.488077651609483,10.19347205269813,0.8
full_pre_response,RT_ms,baseline_plus_hidden,hidden_25,40.06592312012529,18.57411233020945,40.06592312012529,1.0
full_pre_response,RT_ms,baseline_plus_hidden,hidden_26,36.6663059091512,29.374954008883677,36.6663059091512,0.8
full_pre_response,RT_ms,baseline_plus_hidden,hidden_27,-36.221152117478816,35.176003025537554,36.221152117478816,1.0
full_pre_response,RT_ms,baseline_plus_hidden,hidden_28,14.775356501210135,14.402359526416527,14.775356501210135,0.8
full_pre_response,RT_ms,baseline_plus_hidden,hidden_29,19.987865728212647,12.58030103028374,19.987865728212647,1.0
full_pre_response,RT_ms,baseline_plus_hidden,hidden_30,-132.14050060382732,64.80508632593644,132.14050060382732,1.0
full_pre_response,RT_ms,baseline_plus_hidden,hidden_31,-17.558202244844434,4.985705116174673,17.558202244844434,1.0
full_pre_response,RT_ms,baseline_plus_shuffled_hidden,shuffled_hidden_00,-7.615913510719357,2.833643642398325,7.615913510719357,1.0
full_pre_response,RT_ms,baseline_plus_shuffled_hidden,shuffled_hidden_01,-7.512211139015358,3.4544366388568295,7.512211139015358,1.0
full_pre_response,RT_ms,baseline_plus_shuffled_hidden,shuffled_hidden_02,3.392018651520445,1.6697278656241967,3.392018651520445,1.0
full_pre_response,RT_ms,baseline_plus_shuffled_hidden,shuffled_hidden_03,-2.5218808772503274,3.0555791597711406,2.5218808772503274,0.8
full_pre_response,RT_ms,baseline_plus_shuffled_hidden,shuffled_hidden_04,-4.741422797930162,0.5235262087716214,4.741422797930162,1.0
full_pre_response,RT_ms,baseline_plus_shuffled_hidden,shuffled_hidden_05,0.09955125681065055,2.6026263032334818,0.09955125681065055,0.6
full_pre_response,RT_ms,baseline_plus_shuffled_hidden,shuffled_hidden_06,-1.5656054351655564,1.1076416082789866,1.5656054351655564,1.0
full_pre_response,RT_ms,baseline_plus_shuffled_hidden,shuffled_hidden_07,-5.509211975843899,1.4863915827859115,5.509211975843899,1.0
full_pre_response,RT_ms,baseline_plus_shuffled_hidden,shuffled_hidden_08,-6.974934348622021,2.596744206831038,6.974934348622021,1.0
full_pre_response,RT_ms,baseline_plus_shuffled_hidden,shuffled_hidden_09,-3.749181125577581,0.7772897082686618,3.749181125577581,1.0
full_pre_response,RT_ms,baseline_plus_shuffled_hidden,shuffled_hidden_10,2.731380143554058,1.0948019682534382,2.731380143554058,1.0
full_pre_response,RT_ms,baseline_plus_shuffled_hidden,shuffled_hidden_11,3.6780869957409252,2.6881325088292924,3.6780869957409252,1.0
full_pre_response,RT_ms,baseline_plus_shuffled_hidden,shuffled_hidden_12,-1.6715121012493164,2.7165770164634724,1.6715121012493164,0.8
full_pre_response,RT_ms,baseline_plus_shuffled_hidden,shuffled_hidden_13,2.4866655619749696,1.7703522737089001,2.4866655619749696,0.8
full_pre_response,RT_ms,baseline_plus_shuffled_hidden,shuffled_hidden_14,-6.450353749878713,1.884145022574591,6.450353749878713,1.0
full_pre_response,RT_ms,baseline_plus_shuffled_hidden,shuffled_hidden_15,-11.700453686875866,4.193649238251589,11.700453686875866,1.0
full_pre_response,RT_ms,baseline_plus_shuffled_hidden,shuffled_hidden_16,-0.5329624856654525,1.60073106101109,0.5329624856654525,0.6
full_pre_response,RT_ms,baseline_plus_shuffled_hidden,shuffled_hidden_17,7.600027631935508,3.8249685142329413,7.600027631935508,1.0
full_pre_response,RT_ms,baseline_plus_shuffled_hidden,shuffled_hidden_18,4.668460584318288,2.1031282543510006,4.668460584318288,1.0
full_pre_response,RT_ms,baseline_plus_shuffled_hidden,shuffled_hidden_19,-11.0658779795268,2.189282894171017,11.0658779795268,1.0
full_pre_response,RT_ms,baseline_plus_shuffled_hidden,shuffled_hidden_20,5.207078634617289,1.6626718798268447,5.207078634617289,1.0
full_pre_response,RT_ms,baseline_plus_shuffled_hidden,shuffled_hidden_21,-6.307513697677676,3.5889646309706325,6.307513697677676,0.8
full_pre_response,RT_ms,baseline_plus_shuffled_hidden,shuffled_hidden_22,3.8362434710198996,4.274459914829421,3.8362434710198996,0.8
full_pre_response,RT_ms,baseline_plus_shuffled_hidden,shuffled_hidden_23,1.279007524633545,1.8165153314865035,1.279007524633545,0.8
full_pre_response,RT_ms,baseline_plus_shuffled_hidden,shuffled_hidden_24,-0.24157948244006242,2.2699118359960853,0.24157948244006242,0.6
full_pre_response,RT_ms,baseline_plus_shuffled_hidden,shuffled_hidden_25,-8.698082440883542,3.0663544302864616,8.698082440883542,1.0
full_pre_response,RT_ms,baseline_plus_shuffled_hidden,shuffled_hidden_26,-4.28459489492681,1.359563445531609,4.28459489492681,1.0
full_pre_response,RT_ms,baseline_plus_shuffled_hidden,shuffled_hidden_27,-9.992286263516643,1.289655070226415,9.992286263516643,1.0
full_pre_response,RT_ms,baseline_plus_shuffled_hidden,shuffled_hidden_28,-3.844806613135792,1.1398253672661383,3.844806613135792,1.0
full_pre_response,RT_ms,baseline_plus_shuffled_hidden,shuffled_hidden_29,-2.0919530690091444,2.128260326923231,2.0919530690091444,0.8
full_pre_response,RT_ms,baseline_plus_shuffled_hidden,shuffled_hidden_30,-0.8538870969541676,1.0525011853978787,0.8538870969541676,0.8
full_pre_response,RT_ms,baseline_plus_shuffled_hidden,shuffled_hidden_31,0.9345618529058026,1.8688498935620177,0.9345618529058026,0.8
full_pre_response,RT_ms,hidden,hidden_00,-213.88769645690917,119.33326015259073,213.88769645690917,1.0
full_pre_response,RT_ms,hidden,hidden_01,27.052361679077148,21.79210232540313,27.052361679077148,0.8
full_pre_response,RT_ms,hidden,hidden_02,168.78949966430665,101.92196717438212,168.78949966430665,1.0
full_pre_response,RT_ms,hidden,hidden_03,183.7180648803711,92.63962839300004,183.7180648803711,1.0
full_pre_response,RT_ms,hidden,hidden_04,197.89569587707518,138.71005393660803,197.89569587707518,0.8
full_pre_response,RT_ms,hidden,hidden_05,-18.495725250244142,10.718308413227096,18.495725250244142,1.0
full_pre_response,RT_ms,hidden,hidden_06,29.289490830898284,32.09935675882622,29.289490830898284,0.6
full_pre_response,RT_ms,hidden,hidden_07,97.98341522216796,23.286843605846425,97.98341522216796,1.0
full_pre_response,RT_ms,hidden,hidden_08,38.71887683868408,22.558427311804873,38.71887683868408,1.0
full_pre_response,RT_ms,hidden,hidden_09,103.96351718902588,111.82378088485024,103.96351718902588,1.0
full_pre_response,RT_ms,hidden,hidden_10,127.94868545532226,58.546935642989396,127.94868545532226,1.0
full_pre_response,RT_ms,hidden,hidden_11,12.50378065109253,43.62593947521054,12.50378065109253,0.6
full_pre_response,RT_ms,hidden,hidden_12,37.340485382080075,1.8360567899518963,37.340485382080075,1.0
full_pre_response,RT_ms,hidden,hidden_13,-235.92431564331054,122.32905519640136,235.92431564331054,1.0
full_pre_response,RT_ms,hidden,hidden_14,-2.0297403812408445,9.084972490993692,2.0297403812408445,0.6
full_pre_response,RT_ms,hidden,hidden_15,5.75374174118042,5.006134245460409,5.75374174118042,0.8
full_pre_response,RT_ms,hidden,hidden_16,-31.170160675048827,9.941674822084194,31.170160675048827,1.0
full_pre_response,RT_ms,hidden,hidden_17,25.076526999473572,18.97957546655345,25.076526999473572,0.8
full_pre_response,RT_ms,hidden,hidden_18,143.57895050048828,61.48120929531369,143.57895050048828,1.0
full_pre_response,RT_ms,hidden,hidden_19,46.637114715576175,8.737713155795763,46.637114715576175,1.0
full_pre_response,RT_ms,hidden,hidden_20,73.79444122314453,29.1390559518312,73.79444122314453,1.0
full_pre_response,RT_ms,hidden,hidden_21,35.8848198890686,32.62933886371672,35.8848198890686,1.0
full_pre_response,RT_ms,hidden,hidden_22,9.639935779571534,24.21508872590605,9.639935779571534,0.8
full_pre_response,RT_ms,hidden,hidden_23,10.530168414115906,6.4221023839468865,10.530168414115906,1.0
full_pre_response,RT_ms,hidden,hidden_24,-17.237665557861327,9.090593471266175,17.237665557861327,1.0
full_pre_response,RT_ms,hidden,hidden_25,51.05423355102539,26.338872248509215,51.05423355102539,1.0
full_pre_response,RT_ms,hidden,hidden_26,51.822874429821965,26.64091708619587,51.822874429821965,0.8
full_pre_response,RT_ms,hidden,hidden_27,-27.14993803203106,26.72630352053018,27.14993803203106,0.8
full_pre_response,RT_ms,hidden,hidden_28,16.25574722290039,13.363622402414984,16.25574722290039,0.8
full_pre_response,RT_ms,hidden,hidden_29,16.353658580780028,7.076866895025441,16.353658580780028,1.0
full_pre_response,RT_ms,hidden,hidden_30,-203.36347846984864,89.86586777646107,203.36347846984864,1.0
full_pre_response,RT_ms,hidden,hidden_31,-39.46073112487793,12.32546310647485,39.46073112487793,1.0
full_pre_response,log_RT_ms,baseline_plus_hidden,hidden_00,-0.2198982673163193,0.10533741275402746,0.2198982673163193,1.0
full_pre_response,log_RT_ms,baseline_plus_hidden,hidden_01,-0.037421953379051784,0.02079677825275389,0.037421953379051784,1.0
full_pre_response,log_RT_ms,baseline_plus_hidden,hidden_02,0.1950997739061454,0.11151430537152222,0.1950997739061454,1.0
full_pre_response,log_RT_ms,baseline_plus_hidden,hidden_03,0.14467734147031733,0.07047631685836388,0.14467734147031733,1.0
full_pre_response,log_RT_ms,baseline_plus_hidden,hidden_04,0.19494992989169052,0.1442681772562865,0.19494992989169052,0.8
full_pre_response,log_RT_ms,baseline_plus_hidden,hidden_05,-0.013001463470590799,0.008834039108431281,0.013001463470590799,1.0
full_pre_response,log_RT_ms,baseline_plus_hidden,hidden_06,0.06849388684929969,0.04196469100161111,0.06849388684929969,0.8
full_pre_response,log_RT_ms,baseline_plus_hidden,hidden_07,0.1257978606512826,0.04109956892647663,0.1257978606512826,1.0
full_pre_response,log_RT_ms,baseline_plus_hidden,hidden_08,0.03430619401848356,0.018124528068329114,0.03430619401848356,1.0
full_pre_response,log_RT_ms,baseline_plus_hidden,hidden_09,-0.0021983048005720695,0.06708936298538694,0.0021983048005720695,0.8
full_pre_response,log_RT_ms,baseline_plus_hidden,hidden_10,0.0982396866269643,0.037789823944699444,0.0982396866269643,1.0
full_pre_response,log_RT_ms,baseline_plus_hidden,hidden_11,0.041405495972995386,0.052992308869997944,0.041405495972995386,0.6
full_pre_response,log_RT_ms,baseline_plus_hidden,hidden_12,0.01884632091598202,0.0031993319477879954,0.01884632091598202,1.0
full_pre_response,log_RT_ms,baseline_plus_hidden,hidden_13,-0.2642233204012169,0.1434024511069237,0.2642233204012169,1.0
full_pre_response,log_RT_ms,baseline_plus_hidden,hidden_14,-0.005440617935094532,0.014707648110736934,0.005440617935094532,0.6
full_pre_response,log_RT_ms,baseline_plus_hidden,hidden_15,0.0038269320145443847,0.003850878562677488,0.0038269320145443847,0.8
full_pre_response,log_RT_ms,baseline_plus_hidden,hidden_16,-0.016594813181718977,0.013322107318951852,0.016594813181718977,0.8
full_pre_response,log_RT_ms,baseline_plus_hidden,hidden_17,0.003011401258636396,0.021939666974816058,0.003011401258636396,0.8
full_pre_response,log_RT_ms,baseline_plus_hidden,hidden_18,0.14850262678841034,0.06753850210365828,0.14850262678841034,1.0
full_pre_response,log_RT_ms,baseline_plus_hidden,hidden_19,0.0690119709513824,0.023491758818509737,0.0690119709513824,1.0
full_pre_response,log_RT_ms,baseline_plus_hidden,hidden_20,0.0760519362538398,0.03379651080107318,0.0760519362538398,1.0
full_pre_response,log_RT_ms,baseline_plus_hidden,hidden_21,0.05724699988485761,0.04035336450929018,0.05724699988485761,1.0
full_pre_response,log_RT_ms,baseline_plus_hidden,hidden_22,0.0061152805644899355,0.020980513957434884,0.0061152805644899355,0.6
full_pre_response,log_RT_ms,baseline_plus_hidden,hidden_23,0.007499554643494806,0.006408637901899528,0.007499554643494806,1.0
full_pre_response,log_RT_ms,baseline_plus_hidden,hidden_24,-0.015283729943034693,0.011578011749811795,0.015283729943034693,1.0
full_pre_response,log_RT_ms,baseline_plus_hidden,hidden_25,0.051797547272040625,0.022605746372924437,0.051797547272040625,1.0
full_pre_response,log_RT_ms,baseline_plus_hidden,hidden_26,0.05695145515907109,0.04097721252163145,0.05695145515907109,0.8
full_pre_response,log_RT_ms,baseline_plus_hidden,hidden_27,-0.05438882750181907,0.04336412833025743,0.05438882750181907,1.0
full_pre_response,log_RT_ms,baseline_plus_hidden,hidden_28,0.018605849041003753,0.01751147620706787,0.018605849041003753,0.8
full_pre_response,log_RT_ms,baseline_plus_hidden,hidden_29,0.03643439878708033,0.01936054330755863,0.03643439878708033,1.0
full_pre_response,log_RT_ms,baseline_plus_hidden,hidden_30,-0.18042076280282832,0.07884283514109014,0.18042076280282832,1.0
full_pre_response,log_RT_ms,baseline_plus_hidden,hidden_31,-0.023819813887094518,0.008757681684318668,0.023819813887094518,1.0
full_pre_response,log_RT_ms,baseline_plus_shuffled_hidden,shuffled_hidden_00,-0.0084310519843816,0.0035994628717109377,0.0084310519843816,1.0
full_pre_response,log_RT_ms,baseline_plus_shuffled_hidden,shuffled_hidden_01,-0.00750948496960877,0.004110286369136887,0.00750948496960877,1.0
full_pre_response,log_RT_ms,baseline_plus_shuffled_hidden,shuffled_hidden_02,0.003013971884575295,0.0014090006180934465,0.003013971884575295,1.0
full_pre_response,log_RT_ms,baseline_plus_shuffled_hidden,shuffled_hidden_03,-0.002944741733499497,0.003253542438403933,0.002944741733499497,0.8
full_pre_response,log_RT_ms,baseline_plus_shuffled_hidden,shuffled_hidden_04,-0.00619827920600695,0.0006871706183516235,0.00619827920600695,1.0
full_pre_response,log_RT_ms,baseline_plus_shuffled_hidden,shuffled_hidden_05,0.00023802673591569683,0.0029901551649420314,0.00023802673591569683,0.6
full_pre_response,log_RT_ms,baseline_plus_shuffled_hidden,shuffled_hidden_06,-0.0021072695402132675,0.0010442210515822954,0.0021072695402132675,1.0
full_pre_response,log_RT_ms,baseline_plus_shuffled_hidden,shuffled_hidden_07,-0.006322672330728892,0.0017487963481032508,0.006322672330728892,1.0
full_pre_response,log_RT_ms,baseline_plus_shuffled_hidden,shuffled_hidden_08,-0.008244275033336915,0.002981958638599873,0.008244275033336915,1.0
full_pre_response,log_RT_ms,baseline_plus_shuffled_hidden,shuffled_hidden_09,-0.004986464520812766,0.0010945209930669241,0.004986464520812766,1.0
full_pre_response,log_RT_ms,baseline_plus_shuffled_hidden,shuffled_hidden_10,0.003143243242890369,0.0010761425563696836,0.003143243242890369,1.0
full_pre_response,log_RT_ms,baseline_plus_shuffled_hidden,shuffled_hidden_11,0.0032230187378349388,0.002648737245427244,0.0032230187378349388,1.0
full_pre_response,log_RT_ms,baseline_plus_shuffled_hidden,shuffled_hidden_12,-0.0020601167033157198,0.003046700720200519,0.0020601167033157198,0.8
full_pre_response,log_RT_ms,baseline_plus_shuffled_hidden,shuffled_hidden_13,0.0032228921764708117,0.0019171231615961984,0.0032228921764708117,0.8
full_pre_response,log_RT_ms,baseline_plus_shuffled_hidden,shuffled_hidden_14,-0.007882265684345129,0.0024523157412568186,0.007882265684345129,1.0
full_pre_response,log_RT_ms,baseline_plus_shuffled_hidden,shuffled_hidden_15,-0.011617808287406644,0.004383946102186587,0.011617808287406644,1.0
full_pre_response,log_RT_ms,baseline_plus_shuffled_hidden,shuffled_hidden_16,-0.0025830983872084127,0.0019329585708206451,0.0025830983872084127,0.8
full_pre_response,log_RT_ms,baseline_plus_shuffled_hidden,shuffled_hidden_17,0.007803022749065226,0.004243884587617069,0.007803022749065226,1.0
full_pre_response,log_RT_ms,baseline_plus_shuffled_hidden,shuffled_hidden_18,0.00651221552349051,0.00233136345560501,0.00651221552349051,1.0
full_pre_response,log_RT_ms,baseline_plus_shuffled_hidden,shuffled_hidden_19,-0.012820165994478461,0.0025624590524912796,0.012820165994478461,1.0
full_pre_response,log_RT_ms,baseline_plus_shuffled_hidden,shuffled_hidden_20,0.007055618288463236,0.002122730451316242,0.007055618288463236,1.0
full_pre_response,log_RT_ms,baseline_plus_shuffled_hidden,shuffled_hidden_21,-0.005170424628253813,0.0037585945057046224,0.005170424628253813,0.8
full_pre_response,log_RT_ms,baseline_plus_shuffled_hidden,shuffled_hidden_22,0.004078131937449719,0.005176947938229388,0.004078131937449719,0.8
full_pre_response,log_RT_ms,baseline_plus_shuffled_hidden,shuffled_hidden_23,0.0020360729517881907,0.0022237791983001167,0.0020360729517881907,0.8
full_pre_response,log_RT_ms,baseline_plus_shuffled_hidden,shuffled_hidden_24,-0.0014652244715371192,0.002504758503799986,0.0014652244715371192,0.6
full_pre_response,log_RT_ms,baseline_plus_shuffled_hidden,shuffled_hidden_25,-0.009704238872707641,0.0034915902743383985,0.009704238872707641,1.0
full_pre_response,log_RT_ms,baseline_plus_shuffled_hidden,shuffled_hidden_26,-0.004572435453836954,0.0012676768353435276,0.004572435453836954,1.0
full_pre_response,log_RT_ms,baseline_plus_shuffled_hidden,shuffled_hidden_27,-0.012230072581345045,0.001589283993480378,0.012230072581345045,1.0
full_pre_response,log_RT_ms,baseline_plus_shuffled_hidden,shuffled_hidden_28,-0.004742540219297657,0.0015185566590349515,0.004742540219297657,1.0
full_pre_response,log_RT_ms,baseline_plus_shuffled_hidden,shuffled_hidden_29,-0.0029815866020114685,0.0025295705157169636,0.0029815866020114685,0.8
full_pre_response,log_RT_ms,baseline_plus_shuffled_hidden,shuffled_hidden_30,-0.0015073296321196877,0.001187218649604318,0.0015073296321196877,0.8
full_pre_response,log_RT_ms,baseline_plus_shuffled_hidden,shuffled_hidden_31,0.0017617633087446966,0.0020703506107077265,0.0017617633087446966,0.8
full_pre_response,log_RT_ms,hidden,hidden_00,-0.2887356527149677,0.16047783476689725,0.2887356527149677,1.0
full_pre_response,log_RT_ms,hidden,hidden_01,0.03452433161437511,0.026347314527017412,0.03452433161437511,0.8
full_pre_response,log_RT_ms,hidden,hidden_02,0.20026942603290082,0.12104032194869417,0.20026942603290082,1.0
full_pre_response,log_RT_ms,hidden,hidden_03,0.19771735034883023,0.10272368852996859,0.19771735034883023,1.0
full_pre_response,log_RT_ms,hidden,hidden_04,0.2555293314158916,0.17890022172048944,0.2555293314158916,0.8
full_pre_response,log_RT_ms,hidden,hidden_05,-0.022034977097064257,0.013908739098268702,0.022034977097064257,1.0
full_pre_response,log_RT_ms,hidden,hidden_06,0.03642082735896111,0.04351311624255956,0.03642082735896111,0.6
full_pre_response,log_RT_ms,hidden,hidden_07,0.11189436167478561,0.028163949232318724,0.11189436167478561,1.0
full_pre_response,log_RT_ms,hidden,hidden_08,0.0481989786028862,0.02937748997729511,0.0481989786028862,1.0
full_pre_response,log_RT_ms,hidden,hidden_09,0.14788406370207668,0.16062368814558442,0.14788406370207668,1.0
full_pre_response,log_RT_ms,hidden,hidden_10,0.16016203984618188,0.0742243701054265,0.16016203984618188,1.0
full_pre_response,log_RT_ms,hidden,hidden_11,0.024403964448720217,0.05406426430156148,0.024403964448720217,0.6
full_pre_response,log_RT_ms,hidden,hidden_12,0.030806231871247293,0.0032336098926656017,0.030806231871247293,1.0
full_pre_response,log_RT_ms,hidden,hidden_13,-0.29718021880835294,0.1541870973216966,0.29718021880835294,1.0
full_pre_response,log_RT_ms,hidden,hidden_14,-0.010612491145730018,0.017537221343681512,0.010612491145730018,0.6
full_pre_response,log_RT_ms,hidden,hidden_15,0.00832017306238413,0.006605883562217239,0.00832017306238413,0.8
full_pre_response,log_RT_ms,hidden,hidden_16,-0.038011616095900536,0.011579452273401231,0.038011616095900536,1.0
full_pre_response,log_RT_ms,hidden,hidden_17,0.02182431612163782,0.020140991871562854,0.02182431612163782,0.8
full_pre_response,log_RT_ms,hidden,hidden_18,0.17933693081140517,0.0766228805344074,0.17933693081140517,1.0
full_pre_response,log_RT_ms,hidden,hidden_19,0.06181635931134224,0.015137629482477143,0.06181635931134224,1.0
full_pre_response,log_RT_ms,hidden,hidden_20,0.0886253673583269,0.03586434059859563,0.0886253673583269,1.0
full_pre_response,log_RT_ms,hidden,hidden_21,0.04917129501700401,0.0427287656375051,0.04917129501700401,1.0
full_pre_response,log_RT_ms,hidden,hidden_22,0.013614836474880576,0.031560914628885293,0.013614836474880576,0.8
full_pre_response,log_RT_ms,hidden,hidden_23,0.012154311197809875,0.00818295893842133,0.012154311197809875,1.0
full_pre_response,log_RT_ms,hidden,hidden_24,-0.023445116356015205,0.012681431225537066,0.023445116356015205,1.0
full_pre_response,log_RT_ms,hidden,hidden_25,0.0537581292912364,0.029315841281401023,0.0537581292912364,1.0
full_pre_response,log_RT_ms,hidden,hidden_26,0.05015879739075899,0.028412487951025578,0.05015879739075899,0.8
full_pre_response,log_RT_ms,hidden,hidden_27,-0.03629874599864706,0.03730930648411875,0.03629874599864706,0.6
full_pre_response,log_RT_ms,hidden,hidden_28,0.017309325002133846,0.015248462495719484,0.017309325002133846,0.8
full_pre_response,log_RT_ms,hidden,hidden_29,0.026011993829160928,0.012201786285922885,0.026011993829160928,1.0
full_pre_response,log_RT_ms,hidden,hidden_30,-0.24018721505999566,0.10669067867467406,0.24018721505999566,1.0
full_pre_response,log_RT_ms,hidden,hidden_31,-0.04874571524560452,0.016611147769595214,0.04874571524560452,1.0
late_pre_response,RT_ms,baseline_plus_hidden,hidden_00,47.50991308131165,13.306116623054345,47.50991308131165,1.0
late_pre_response,RT_ms,baseline_plus_hidden,hidden_01,-28.79376581589616,8.27655412449572,28.79376581589616,1.0
late_pre_response,RT_ms,baseline_plus_hidden,hidden_02,-11.572535051175429,11.110785345957936,11.572535051175429,1.0
late_pre_response,RT_ms,baseline_plus_hidden,hidden_03,24.41180996208231,10.729432321693443,24.41180996208231,1.0
late_pre_response,RT_ms,baseline_plus_hidden,hidden_04,5.65763455457352,19.499453019919414,5.65763455457352,0.6
late_pre_response,RT_ms,baseline_plus_hidden,hidden_05,-3.9843824019545266,2.6428461347910797,3.9843824019545266,1.0
late_pre_response,RT_ms,baseline_plus_hidden,hidden_06,6.101118782958428,10.263888877544126,6.101118782958428,0.6
late_pre_response,RT_ms,baseline_plus_hidden,hidden_07,39.74717831093741,25.391213113452398,39.74717831093741,1.0
late_pre_response,RT_ms,baseline_plus_hidden,hidden_08,-11.5386266780494,5.49073476655717,11.5386266780494,1.0
late_pre_response,RT_ms,baseline_plus_hidden,hidden_09,-37.650494728702206,63.39691389598536,37.650494728702206,1.0
late_pre_response,RT_ms,baseline_plus_hidden,hidden_10,-15.29688550172329,9.627387861470364,15.29688550172329,1.0
late_pre_response,RT_ms,baseline_plus_hidden,hidden_11,-25.415047563166763,7.3456390327984495,25.415047563166763,1.0
late_pre_response,RT_ms,baseline_plus_hidden,hidden_12,16.591453394908662,2.715352437252415,16.591453394908662,1.0
late_pre_response,RT_ms,baseline_plus_hidden,hidden_13,39.361971537908055,12.118802157228629,39.361971537908055,1.0
late_pre_response,RT_ms,baseline_plus_hidden,hidden_14,-32.729750335318535,29.69127507343863,32.729750335318535,1.0
late_pre_response,RT_ms,baseline_plus_hidden,hidden_15,2.3775589243889783,3.044283585308927,2.3775589243889783,0.8
late_pre_response,RT_ms,baseline_plus_hidden,hidden_16,2.762426794541647,1.9809514224395188,2.762426794541647,0.8
late_pre_response,RT_ms,baseline_plus_hidden,hidden_17,7.337697834040919,5.879749236883471,7.337697834040919,0.8
late_pre_response,RT_ms,baseline_plus_hidden,hidden_18,20.36196200763564,4.785737120292561,20.36196200763564,1.0
late_pre_response,RT_ms,baseline_plus_hidden,hidden_19,4.598919165045097,3.6354966468051497,4.598919165045097,0.8
late_pre_response,RT_ms,baseline_plus_hidden,hidden_20,11.686528027486876,4.525106668777134,11.686528027486876,1.0
late_pre_response,RT_ms,baseline_plus_hidden,hidden_21,-7.793916442936036,14.531218577388097,7.793916442936036,0.6
late_pre_response,RT_ms,baseline_plus_hidden,hidden_22,12.944601584791704,5.6095728918766765,12.944601584791704,1.0
late_pre_response,RT_ms,baseline_plus_hidden,hidden_23,7.130555187004314,11.526478015200452,7.130555187004314,0.8
late_pre_response,RT_ms,baseline_plus_hidden,hidden_24,-1.7021863349208246,3.9909095175718403,1.7021863349208246,0.6
late_pre_response,RT_ms,baseline_plus_hidden,hidden_25,12.921742126525103,6.037057308996542,12.921742126525103,1.0
late_pre_response,RT_ms,baseline_plus_hidden,hidden_26,39.31141461093421,37.22659440488959,39.31141461093421,1.0
late_pre_response,RT_ms,baseline_plus_hidden,hidden_27,-22.478106167860822,8.794639116489233,22.478106167860822,1.0
late_pre_response,RT_ms,baseline_plus_hidden,hidden_28,5.2353600811092855,4.999618821223913,5.2353600811092855,0.8
late_pre_response,RT_ms,baseline_plus_hidden,hidden_29,-3.2850211723124354,4.951299671252257,3.2850211723124354,0.8
late_pre_response,RT_ms,baseline_plus_hidden,hidden_30,-8.416446539063632,9.233446424231898,8.416446539063632,0.8
late_pre_response,RT_ms,baseline_plus_hidden,hidden_31,-5.564398974454731,5.454271947234361,5.564398974454731,0.8
late_pre_response,RT_ms,baseline_plus_shuffled_hidden,shuffled_hidden_00,-7.500087474299439,4.836484452465452,7.500087474299439,1.0
late_pre_response,RT_ms,baseline_plus_shuffled_hidden,shuffled_hidden_01,-1.6640860657183367,2.6730668005295537,1.6640860657183367,0.6
late_pre_response,RT_ms,baseline_plus_shuffled_hidden,shuffled_hidden_02,0.5261925212358112,2.4051945066266343,0.5261925212358112,0.6
late_pre_response,RT_ms,baseline_plus_shuffled_hidden,shuffled_hidden_03,9.355994683162486,5.791566870843687,9.355994683162486,1.0
late_pre_response,RT_ms,baseline_plus_shuffled_hidden,shuffled_hidden_04,0.4034123231273316,1.4538999097723162,0.4034123231273316,0.6
late_pre_response,RT_ms,baseline_plus_shuffled_hidden,shuffled_hidden_05,1.7217343729466017,2.0132561661190573,1.7217343729466017,0.8
late_pre_response,RT_ms,baseline_plus_shuffled_hidden,shuffled_hidden_06,7.330038975028614,5.616610086735086,7.330038975028614,1.0
late_pre_response,RT_ms,baseline_plus_shuffled_hidden,shuffled_hidden_07,-5.120949755735076,4.396237560008961,5.120949755735076,1.0
late_pre_response,RT_ms,baseline_plus_shuffled_hidden,shuffled_hidden_08,1.2341882195251177,3.2806061308266488,1.2341882195251177,0.8
late_pre_response,RT_ms,baseline_plus_shuffled_hidden,shuffled_hidden_09,-1.537695009275846,1.5724241166089572,1.537695009275846,0.8
late_pre_response,RT_ms,baseline_plus_shuffled_hidden,shuffled_hidden_10,1.3515913025825852,4.0178661357593874,1.3515913025825852,0.6
late_pre_response,RT_ms,baseline_plus_shuffled_hidden,shuffled_hidden_11,-2.844091309156861,2.408340040415817,2.844091309156861,1.0
late_pre_response,RT_ms,baseline_plus_shuffled_hidden,shuffled_hidden_12,-1.7544913790623617,1.4858609352519225,1.7544913790623617,1.0
late_pre_response,RT_ms,baseline_plus_shuffled_hidden,shuffled_hidden_13,-2.6576142957243385,1.2956835946193022,2.6576142957243385,1.0
late_pre_response,RT_ms,baseline_plus_shuffled_hidden,shuffled_hidden_14,1.0919686910490163,0.9351194583946975,1.0919686910490163,0.8
late_pre_response,RT_ms,baseline_plus_shuffled_hidden,shuffled_hidden_15,4.865184116582249,1.8823079421666262,4.865184116582249,1.0
late_pre_response,RT_ms,baseline_plus_shuffled_hidden,shuffled_hidden_16,6.8065454038556465,2.2290779554945606,6.8065454038556465,1.0
late_pre_response,RT_ms,baseline_plus_shuffled_hidden,shuffled_hidden_17,1.0021424283251594,2.4088164584265184,1.0021424283251594,0.6
late_pre_response,RT_ms,baseline_plus_shuffled_hidden,shuffled_hidden_18,-0.36137802713736306,3.0708838703926404,0.36137802713736306,0.6
late_pre_response,RT_ms,baseline_plus_shuffled_hidden,shuffled_hidden_19,6.763205086860966,2.611929068265145,6.763205086860966,1.0
late_pre_response,RT_ms,baseline_plus_shuffled_hidden,shuffled_hidden_20,-1.2148124900945658,2.8594095650165796,1.2148124900945658,0.6
late_pre_response,RT_ms,baseline_plus_shuffled_hidden,shuffled_hidden_21,-1.676857810507446,3.7308827951237644,1.676857810507446,0.8
late_pre_response,RT_ms,baseline_plus_shuffled_hidden,shuffled_hidden_22,5.8368476504272335,2.8015316056412765,5.8368476504272335,1.0
late_pre_response,RT_ms,baseline_plus_shuffled_hidden,shuffled_hidden_23,-2.600343122551589,4.563068509903997,2.600343122551589,0.8
late_pre_response,RT_ms,baseline_plus_shuffled_hidden,shuffled_hidden_24,4.850118144410642,3.7945435971919053,4.850118144410642,1.0
late_pre_response,RT_ms,baseline_plus_shuffled_hidden,shuffled_hidden_25,-2.32909975624678,3.2456260492166398,2.32909975624678,0.6
late_pre_response,RT_ms,baseline_plus_shuffled_hidden,shuffled_hidden_26,-7.309301050977754,2.589554447213332,7.309301050977754,1.0
late_pre_response,RT_ms,baseline_plus_shuffled_hidden,shuffled_hidden_27,0.4396218227797556,2.249721036408411,0.4396218227797556,0.6
late_pre_response,RT_ms,baseline_plus_shuffled_hidden,shuffled_hidden_28,1.2597107914684749,2.6942415264993245,1.2597107914684749,0.8
late_pre_response,RT_ms,baseline_plus_shuffled_hidden,shuffled_hidden_29,-3.4042134576666525,5.682023430674882,3.4042134576666525,0.6
late_pre_response,RT_ms,baseline_plus_shuffled_hidden,shuffled_hidden_30,7.627545622194242,3.162074898822461,7.627545622194242,1.0
late_pre_response,RT_ms,baseline_plus_shuffled_hidden,shuffled_hidden_31,3.874433709535141,3.310407147918376,3.874433709535141,1.0
late_pre_response,RT_ms,hidden,hidden_00,54.40580673217774,5.769654625099529,54.40580673217774,1.0
late_pre_response,RT_ms,hidden,hidden_01,-8.590199947357178,2.608676625814743,8.590199947357178,1.0
late_pre_response,RT_ms,hidden,hidden_02,-16.971318244934082,4.2321378631492355,16.971318244934082,1.0
late_pre_response,RT_ms,hidden,hidden_03,50.75425262451172,8.31745304271092,50.75425262451172,1.0
late_pre_response,RT_ms,hidden,hidden_04,-2.627627945691347,7.968960896239995,2.627627945691347,0.6
late_pre_response,RT_ms,hidden,hidden_05,-5.029096043109893,3.8436936455410007,5.029096043109893,1.0
late_pre_response,RT_ms,hidden,hidden_06,-6.616735291481018,8.152398996588929,6.616735291481018,0.8
late_pre_response,RT_ms,hidden,hidden_07,43.02582778930664,4.370876505382047,43.02582778930664,1.0
late_pre_response,RT_ms,hidden,hidden_08,-3.7754805266857145,3.1617074655427198,3.7754805266857145,0.8
late_pre_response,RT_ms,hidden,hidden_09,3.686555194854736,3.4817812785527082,3.686555194854736,0.8
late_pre_response,RT_ms,hidden,hidden_10,-6.3499304294586185,4.837180460885347,6.3499304294586185,0.8
late_pre_response,RT_ms,hidden,hidden_11,-38.151193618774414,8.332350991941977,38.151193618774414,1.0
late_pre_response,RT_ms,hidden,hidden_12,23.73382987976074,2.3785959459542667,23.73382987976074,1.0
late_pre_response,RT_ms,hidden,hidden_13,61.78879013061523,7.222784284879558,61.78879013061523,1.0
late_pre_response,RT_ms,hidden,hidden_14,-14.656167793273926,2.6419051159610483,14.656167793273926,1.0
late_pre_response,RT_ms,hidden,hidden_15,3.852680730819702,2.046265891717271,3.852680730819702,1.0
late_pre_response,RT_ms,hidden,hidden_16,-3.81274790763855,0.8892119902096528,3.81274790763855,1.0
late_pre_response,RT_ms,hidden,hidden_17,20.54219207763672,5.8634810110298785,20.54219207763672,1.0
late_pre_response,RT_ms,hidden,hidden_18,34.25413436889649,4.727593466779207,34.25413436889649,1.0
late_pre_response,RT_ms,hidden,hidden_19,5.604055118560791,3.7711912855728746,5.604055118560791,1.0
late_pre_response,RT_ms,hidden,hidden_20,25.822780990600585,3.848554859391404,25.822780990600585,1.0
late_pre_response,RT_ms,hidden,hidden_21,-5.8734602451324465,6.432965115017238,5.8734602451324465,0.8
late_pre_response,RT_ms,hidden,hidden_22,6.947789430618286,7.179306611514745,6.947789430618286,0.8
late_pre_response,RT_ms,hidden,hidden_23,8.768656468391418,6.099332725104134,8.768656468391418,1.0
late_pre_response,RT_ms,hidden,hidden_24,3.2733353853225706,5.514771559938267,3.2733353853225706,0.6
late_pre_response,RT_ms,hidden,hidden_25,9.16585307121277,4.110482896792852,9.16585307121277,1.0
late_pre_response,RT_ms,hidden,hidden_26,38.95935401916504,6.853809060592028,38.95935401916504,1.0
late_pre_response,RT_ms,hidden,hidden_27,-18.68339309692383,6.055649026485465,18.68339309692383,1.0
late_pre_response,RT_ms,hidden,hidden_28,8.506586909294128,5.288979697226442,8.506586909294128,1.0
late_pre_response,RT_ms,hidden,hidden_29,-0.476153302192688,4.080423467235117,0.476153302192688,0.6
late_pre_response,RT_ms,hidden,hidden_30,-30.41961250305176,6.104134245797237,30.41961250305176,1.0
late_pre_response,RT_ms,hidden,hidden_31,-10.916584968566895,4.091041946981528,10.916584968566895,1.0
late_pre_response,log_RT_ms,baseline_plus_hidden,hidden_00,0.029813058868929876,0.014151909424408573,0.029813058868929876,1.0
late_pre_response,log_RT_ms,baseline_plus_hidden,hidden_01,-0.023836205065288447,0.012740753750526962,0.023836205065288447,1.0
late_pre_response,log_RT_ms,baseline_plus_hidden,hidden_02,-0.007347417909957939,0.005441984952827758,0.007347417909957939,1.0
late_pre_response,log_RT_ms,baseline_plus_hidden,hidden_03,0.030292105696932893,0.015226060711994937,0.030292105696932893,1.0
late_pre_response,log_RT_ms,baseline_plus_hidden,hidden_04,-0.004220662659273013,0.005066293879653609,0.004220662659273013,0.8
late_pre_response,log_RT_ms,baseline_plus_hidden,hidden_05,-0.007272978993588088,0.004454629547232903,0.007272978993588088,1.0
late_pre_response,log_RT_ms,baseline_plus_hidden,hidden_06,0.006381712723216066,0.006322193122160294,0.006381712723216066,1.0
late_pre_response,log_RT_ms,baseline_plus_hidden,hidden_07,0.02584102346362746,0.012383402095319367,0.02584102346362746,1.0
late_pre_response,log_RT_ms,baseline_plus_hidden,hidden_08,-0.009324779874860181,0.0062956267820123615,0.009324779874860181,1.0
late_pre_response,log_RT_ms,baseline_plus_hidden,hidden_09,-0.005779146001553321,0.006184250086134564,0.005779146001553321,0.8
late_pre_response,log_RT_ms,baseline_plus_hidden,hidden_10,-0.008112610657536915,0.006061170049934033,0.008112610657536915,0.8
late_pre_response,log_RT_ms,baseline_plus_hidden,hidden_11,-0.023630384351042307,0.014314238294879085,0.023630384351042307,0.8
late_pre_response,log_RT_ms,baseline_plus_hidden,hidden_12,0.014672987445713223,0.006753000162239234,0.014672987445713223,1.0
late_pre_response,log_RT_ms,baseline_plus_hidden,hidden_13,0.04484252512219127,0.02443010938737954,0.04484252512219127,0.8
late_pre_response,log_RT_ms,baseline_plus_hidden,hidden_14,-0.018561292222651005,0.008255694602575966,0.018561292222651005,1.0
late_pre_response,log_RT_ms,baseline_plus_hidden,hidden_15,0.0022583243623666835,0.0036389415214789127,0.0022583243623666835,0.8
late_pre_response,log_RT_ms,baseline_plus_hidden,hidden_16,-0.0015655589478839244,0.002305992987299058,0.0015655589478839244,0.8
late_pre_response,log_RT_ms,baseline_plus_hidden,hidden_17,0.010335675440204046,0.0068846268862516454,0.010335675440204046,0.8
late_pre_response,log_RT_ms,baseline_plus_hidden,hidden_18,0.018087003551251854,0.009806313943070199,0.018087003551251854,1.0
late_pre_response,log_RT_ms,baseline_plus_hidden,hidden_19,0.0017221801414343783,0.004320278304071697,0.0017221801414343783,0.6
late_pre_response,log_RT_ms,baseline_plus_hidden,hidden_20,0.009075783703724045,0.006174614052493902,0.009075783703724045,1.0
late_pre_response,log_RT_ms,baseline_plus_hidden,hidden_21,-0.00031999133711833346,0.003224813801550569,0.00031999133711833346,0.6
late_pre_response,log_RT_ms,baseline_plus_hidden,hidden_22,0.01567424863025319,0.009640056790478755,0.01567424863025319,1.0
late_pre_response,log_RT_ms,baseline_plus_hidden,hidden_23,0.000643842504276101,0.002705818150655102,0.000643842504276101,0.6
late_pre_response,log_RT_ms,baseline_plus_hidden,hidden_24,-0.0017661075258374869,0.005668128932129331,0.0017661075258374869,0.6
late_pre_response,log_RT_ms,baseline_plus_hidden,hidden_25,0.012135823234280974,0.009557240907214333,0.012135823234280974,0.8
late_pre_response,log_RT_ms,baseline_plus_hidden,hidden_26,0.0235832772516817,0.012157218430127001,0.0235832772516817,1.0
late_pre_response,log_RT_ms,baseline_plus_hidden,hidden_27,-0.01756445701296605,0.010523320191019571,0.01756445701296605,0.8
late_pre_response,log_RT_ms,baseline_plus_hidden,hidden_28,0.0053814983239800695,0.00688032495469372,0.0053814983239800695,0.6
late_pre_response,log_RT_ms,baseline_plus_hidden,hidden_29,-5.456403820577353e-05,0.005254967024466584,5.456403820577353e-05,0.6
late_pre_response,log_RT_ms,baseline_plus_hidden,hidden_30,-0.01222311174408031,0.00690916655024298,0.01222311174408031,0.8
late_pre_response,log_RT_ms,baseline_plus_hidden,hidden_31,-0.005589435769563361,0.004484891312565439,0.005589435769563361,1.0
late_pre_response,log_RT_ms,baseline_plus_shuffled_hidden,shuffled_hidden_00,-0.014739621335737063,0.016201147505406212,0.014739621335737063,1.0
late_pre_response,log_RT_ms,baseline_plus_shuffled_hidden,shuffled_hidden_01,-0.0016740504549915772,0.003272061681754813,0.0016740504549915772,0.6
late_pre_response,log_RT_ms,baseline_plus_shuffled_hidden,shuffled_hidden_02,0.010919531718237556,0.021195266866025287,0.010919531718237556,0.6
late_pre_response,log_RT_ms,baseline_plus_shuffled_hidden,shuffled_hidden_03,0.019087047390115585,0.022433604814065308,0.019087047390115585,1.0
late_pre_response,log_RT_ms,baseline_plus_shuffled_hidden,shuffled_hidden_04,0.004453296145925797,0.010481739858975074,0.004453296145925797,0.6
late_pre_response,log_RT_ms,baseline_plus_shuffled_hidden,shuffled_hidden_05,0.0020171152911048476,0.0019370015732935375,0.0020171152911048476,1.0
late_pre_response,log_RT_ms,baseline_plus_shuffled_hidden,shuffled_hidden_06,0.012983542180043592,0.017055141033706856,0.012983542180043592,1.0
late_pre_response,log_RT_ms,baseline_plus_shuffled_hidden,shuffled_hidden_07,-0.005175659356312002,0.004815257419339647,0.005175659356312002,0.8
late_pre_response,log_RT_ms,baseline_plus_shuffled_hidden,shuffled_hidden_08,0.0005956080138212777,0.004589525612559349,0.0005956080138212777,0.6
late_pre_response,log_RT_ms,baseline_plus_shuffled_hidden,shuffled_hidden_09,0.0018928269548602467,0.004237779672702697,0.0018928269548602467,0.6
late_pre_response,log_RT_ms,baseline_plus_shuffled_hidden,shuffled_hidden_10,0.0029882600078410667,0.0050964907719669396,0.0029882600078410667,0.6
late_pre_response,log_RT_ms,baseline_plus_shuffled_hidden,shuffled_hidden_11,-0.0013455242783488278,0.0020287448330816842,0.0013455242783488278,0.8
late_pre_response,log_RT_ms,baseline_plus_shuffled_hidden,shuffled_hidden_12,-0.00183345455661132,0.0018231482318740002,0.00183345455661132,0.8
late_pre_response,log_RT_ms,baseline_plus_shuffled_hidden,shuffled_hidden_13,-0.0006336962361868794,0.005627418383116385,0.0006336962361868794,0.8
late_pre_response,log_RT_ms,baseline_plus_shuffled_hidden,shuffled_hidden_14,0.002506293632886133,0.0023710089914660845,0.002506293632886133,1.0
late_pre_response,log_RT_ms,baseline_plus_shuffled_hidden,shuffled_hidden_15,0.005517368983137501,0.0022196186699853277,0.005517368983137501,1.0
late_pre_response,log_RT_ms,baseline_plus_shuffled_hidden,shuffled_hidden_16,0.007642675463996973,0.0027478839728697128,0.007642675463996973,1.0
late_pre_response,log_RT_ms,baseline_plus_shuffled_hidden,shuffled_hidden_17,0.0013026196731159216,0.0032984205948746958,0.0013026196731159216,0.6
late_pre_response,log_RT_ms,baseline_plus_shuffled_hidden,shuffled_hidden_18,-0.003237998306573808,0.010566722018520854,0.003237998306573808,0.6
late_pre_response,log_RT_ms,baseline_plus_shuffled_hidden,shuffled_hidden_19,0.007598578618080479,0.0023535594240113753,0.007598578618080479,1.0
late_pre_response,log_RT_ms,baseline_plus_shuffled_hidden,shuffled_hidden_20,-0.0007776332836116238,0.005303888125764931,0.0007776332836116238,0.8
late_pre_response,log_RT_ms,baseline_plus_shuffled_hidden,shuffled_hidden_21,0.0016921720517057092,0.012688523820949708,0.0016921720517057092,0.8
late_pre_response,log_RT_ms,baseline_plus_shuffled_hidden,shuffled_hidden_22,0.006239217453337893,0.0031353901781408645,0.006239217453337893,1.0
late_pre_response,log_RT_ms,baseline_plus_shuffled_hidden,shuffled_hidden_23,-0.0028664076901812148,0.005498679180138397,0.0028664076901812148,0.8
late_pre_response,log_RT_ms,baseline_plus_shuffled_hidden,shuffled_hidden_24,0.004923729393548402,0.004264209119734213,0.004923729393548402,0.8
late_pre_response,log_RT_ms,baseline_plus_shuffled_hidden,shuffled_hidden_25,-0.0009162180199919209,0.00559683068788499,0.0009162180199919209,0.6
late_pre_response,log_RT_ms,baseline_plus_shuffled_hidden,shuffled_hidden_26,-0.009780127886260526,0.0057409207268344425,0.009780127886260526,1.0
late_pre_response,log_RT_ms,baseline_plus_shuffled_hidden,shuffled_hidden_27,-0.0012721955241917012,0.0037473400724197872,0.0012721955241917012,0.6
late_pre_response,log_RT_ms,baseline_plus_shuffled_hidden,shuffled_hidden_28,0.0008709109179501062,0.005019028289777429,0.0008709109179501062,0.8
late_pre_response,log_RT_ms,baseline_plus_shuffled_hidden,shuffled_hidden_29,-0.005820622879362804,0.014487414288533767,0.005820622879362804,0.6
late_pre_response,log_RT_ms,baseline_plus_shuffled_hidden,shuffled_hidden_30,0.012253700688477493,0.009520371492514662,0.012253700688477493,1.0
late_pre_response,log_RT_ms,baseline_plus_shuffled_hidden,shuffled_hidden_31,0.005151951465025012,0.003741890991850748,0.005151951465025012,1.0
late_pre_response,log_RT_ms,hidden,hidden_00,0.05113537535071373,0.0053974152749301455,0.05113537535071373,1.0
late_pre_response,log_RT_ms,hidden,hidden_01,-0.010071254894137382,0.003340452309666814,0.010071254894137382,1.0
late_pre_response,log_RT_ms,hidden,hidden_02,-0.02191182542592287,0.005142110617362732,0.02191182542592287,1.0
late_pre_response,log_RT_ms,hidden,hidden_03,0.061609072238206865,0.010835257897462505,0.061609072238206865,1.0
late_pre_response,log_RT_ms,hidden,hidden_04,-0.0028326975647360087,0.009996838248080581,0.0028326975647360087,0.6
late_pre_response,log_RT_ms,hidden,hidden_05,-0.00816840836778283,0.004763550592995995,0.00816840836778283,1.0
late_pre_response,log_RT_ms,hidden,hidden_06,-0.0022153498604893683,0.01214973273954658,0.0022153498604893683,0.6
late_pre_response,log_RT_ms,hidden,hidden_07,0.05210403576493263,0.007445226868395131,0.05210403576493263,1.0
late_pre_response,log_RT_ms,hidden,hidden_08,-0.004891551603213884,0.00422351057430789,0.004891551603213884,0.8
late_pre_response,log_RT_ms,hidden,hidden_09,0.0031342100352048873,0.0036308417299594346,0.0031342100352048873,0.8
late_pre_response,log_RT_ms,hidden,hidden_10,-0.008303145039826631,0.0031250411059099694,0.008303145039826631,1.0
late_pre_response,log_RT_ms,hidden,hidden_11,-0.045074696838855746,0.00891115333719947,0.045074696838855746,1.0
late_pre_response,log_RT_ms,hidden,hidden_12,0.02714064121246338,0.0027248124948775574,0.02714064121246338,1.0
late_pre_response,log_RT_ms,hidden,hidden_13,0.07899055182933808,0.010112022793728874,0.07899055182933808,1.0
late_pre_response,log_RT_ms,hidden,hidden_14,-0.023474859446287154,0.008136064112420672,0.023474859446287154,1.0
late_pre_response,log_RT_ms,hidden,hidden_15,0.0042782121570780875,0.0027061432935570288,0.0042782121570780875,1.0
late_pre_response,log_RT_ms,hidden,hidden_16,-0.009006220567971467,0.0012172887757715316,0.009006220567971467,1.0
late_pre_response,log_RT_ms,hidden,hidden_17,0.026089618168771266,0.00626881220036414,0.026089618168771266,1.0
late_pre_response,log_RT_ms,hidden,hidden_18,0.042872467637062074,0.005775894758505239,0.042872467637062074,1.0
late_pre_response,log_RT_ms,hidden,hidden_19,0.004404939923551865,0.004940054145707555,0.004404939923551865,0.8
late_pre_response,log_RT_ms,hidden,hidden_20,0.028418558090925215,0.004180415382779052,0.028418558090925215,1.0
late_pre_response,log_RT_ms,hidden,hidden_21,-0.011343888659030198,0.010400249883438743,0.011343888659030198,0.8
late_pre_response,log_RT_ms,hidden,hidden_22,0.009831644780933856,0.008871197727482657,0.009831644780933856,0.8
late_pre_response,log_RT_ms,hidden,hidden_23,0.009660725994035602,0.007786224995869291,0.009660725994035602,0.8
late_pre_response,log_RT_ms,hidden,hidden_24,0.004200288560241461,0.007237993259758295,0.004200288560241461,0.6
late_pre_response,log_RT_ms,hidden,hidden_25,0.011804382968693971,0.005739833508574389,0.011804382968693971,1.0
late_pre_response,log_RT_ms,hidden,hidden_26,0.053182898461818694,0.013689841608354875,0.053182898461818694,1.0
late_pre_response,log_RT_ms,hidden,hidden_27,-0.022283684648573398,0.006691686530301006,0.022283684648573398,1.0
late_pre_response,log_RT_ms,hidden,hidden_28,0.010897296975599602,0.006852685264323773,0.010897296975599602,1.0
late_pre_response,log_RT_ms,hidden,hidden_29,0.000556600745767355,0.004697101794724857,0.000556600745767355,0.6
late_pre_response,log_RT_ms,hidden,hidden_30,-0.03548065423965454,0.006457322090880193,0.03548065423965454,1.0
late_pre_response,log_RT_ms,hidden,hidden_31,-0.010432703141123056,0.004777137689369416,0.010432703141123056,1.0
mid_pre_response,RT_ms,baseline_plus_hidden,hidden_00,14.956121541025578,11.382543082971715,14.956121541025578,1.0
mid_pre_response,RT_ms,baseline_plus_hidden,hidden_01,-36.49100648384682,21.0227099269312,36.49100648384682,1.0
mid_pre_response,RT_ms,baseline_plus_hidden,hidden_02,-1.6236256931024609,7.869228884074589,1.6236256931024609,0.6
mid_pre_response,RT_ms,baseline_plus_hidden,hidden_03,73.89564306941081,39.80981655054684,73.89564306941081,1.0
mid_pre_response,RT_ms,baseline_plus_hidden,hidden_04,-26.651909010838864,28.069927643380865,26.651909010838864,1.0
mid_pre_response,RT_ms,baseline_plus_hidden,hidden_05,-0.9388138988014172,5.272613429341597,0.9388138988014172,0.6
mid_pre_response,RT_ms,baseline_plus_hidden,hidden_06,16.579735550352716,9.358269474087045,16.579735550352716,1.0
mid_pre_response,RT_ms,baseline_plus_hidden,hidden_07,54.98956915923774,22.49719398933032,54.98956915923774,1.0
mid_pre_response,RT_ms,baseline_plus_hidden,hidden_08,11.722712199493149,5.331194165567844,11.722712199493149,1.0
mid_pre_response,RT_ms,baseline_plus_hidden,hidden_09,-15.38146754011434,22.56134025031257,15.38146754011434,0.6
mid_pre_response,RT_ms,baseline_plus_hidden,hidden_10,-22.908491018877168,18.94231469354614,22.908491018877168,0.8
mid_pre_response,RT_ms,baseline_plus_hidden,hidden_11,-29.053747999966582,13.995142951248987,29.053747999966582,1.0
mid_pre_response,RT_ms,baseline_plus_hidden,hidden_12,25.825615441202263,5.226313179802779,25.825615441202263,1.0
mid_pre_response,RT_ms,baseline_plus_hidden,hidden_13,91.1808867132617,52.52950984511728,91.1808867132617,1.0
mid_pre_response,RT_ms,baseline_plus_hidden,hidden_14,7.8930185469825345,22.0324664722081,7.8930185469825345,0.6
mid_pre_response,RT_ms,baseline_plus_hidden,hidden_15,-3.0177468727651027,3.378424717122243,3.0177468727651027,0.8
mid_pre_response,RT_ms,baseline_plus_hidden,hidden_16,-16.51434778926655,8.661960105359887,16.51434778926655,1.0
mid_pre_response,RT_ms,baseline_plus_hidden,hidden_17,23.774251886555625,15.14972745143613,23.774251886555625,0.8
mid_pre_response,RT_ms,baseline_plus_hidden,hidden_18,11.590214425642936,16.327401617375763,11.590214425642936,0.8
mid_pre_response,RT_ms,baseline_plus_hidden,hidden_19,6.315936923016836,4.605360297256244,6.315936923016836,1.0
mid_pre_response,RT_ms,baseline_plus_hidden,hidden_20,16.147070642820765,8.503496187765048,16.147070642820765,1.0
mid_pre_response,RT_ms,baseline_plus_hidden,hidden_21,5.419059312226304,10.616210911029777,5.419059312226304,0.8
mid_pre_response,RT_ms,baseline_plus_hidden,hidden_22,1.2450230891467597,8.41612983308934,1.2450230891467597,0.6
mid_pre_response,RT_ms,baseline_plus_hidden,hidden_23,3.3992310240514585,3.6723252561911384,3.3992310240514585,0.8
mid_pre_response,RT_ms,baseline_plus_hidden,hidden_24,-0.13570351644355622,9.30334298095981,0.13570351644355622,0.6
mid_pre_response,RT_ms,baseline_plus_hidden,hidden_25,11.923393502985707,9.157408881322533,11.923393502985707,1.0
mid_pre_response,RT_ms,baseline_plus_hidden,hidden_26,57.911388513161135,29.620419988042404,57.911388513161135,1.0
mid_pre_response,RT_ms,baseline_plus_hidden,hidden_27,-19.230940065575787,12.095344621916185,19.230940065575787,1.0
mid_pre_response,RT_ms,baseline_plus_hidden,hidden_28,3.3156073638701633,11.560011596382012,3.3156073638701633,0.6
mid_pre_response,RT_ms,baseline_plus_hidden,hidden_29,-1.605229544364257,12.470539056941293,1.605229544364257,0.8
mid_pre_response,RT_ms,baseline_plus_hidden,hidden_30,-1.431391702445847,8.89843855229071,1.431391702445847,0.6
mid_pre_response,RT_ms,baseline_plus_hidden,hidden_31,1.7427581638181961,8.136380984226081,1.7427581638181961,0.6
mid_pre_response,RT_ms,baseline_plus_shuffled_hidden,shuffled_hidden_00,-15.609567655932148,19.572231157471432,15.609567655932148,1.0
mid_pre_response,RT_ms,baseline_plus_shuffled_hidden,shuffled_hidden_01,-4.616868100174967,4.362204239039891,4.616868100174967,0.8
mid_pre_response,RT_ms,baseline_plus_shuffled_hidden,shuffled_hidden_02,-2.676754890875117,13.752621316087223,2.676754890875117,0.6
mid_pre_response,RT_ms,baseline_plus_shuffled_hidden,shuffled_hidden_03,3.672338726494316,5.2092615574319066,3.672338726494316,0.6
mid_pre_response,RT_ms,baseline_plus_shuffled_hidden,shuffled_hidden_04,15.118223153206188,34.99177837570436,15.118223153206188,0.8
mid_pre_response,RT_ms,baseline_plus_shuffled_hidden,shuffled_hidden_05,2.635458740044012,3.8840345247983565,2.635458740044012,0.8
mid_pre_response,RT_ms,baseline_plus_shuffled_hidden,shuffled_hidden_06,6.621025599874829,23.55540655058146,6.621025599874829,0.6
mid_pre_response,RT_ms,baseline_plus_shuffled_hidden,shuffled_hidden_07,5.044303094066484,24.271331915029897,5.044303094066484,0.6
mid_pre_response,RT_ms,baseline_plus_shuffled_hidden,shuffled_hidden_08,-9.527023001465212,8.89435444361459,9.527023001465212,1.0
mid_pre_response,RT_ms,baseline_plus_shuffled_hidden,shuffled_hidden_09,-25.11134800538853,60.781835305123096,25.11134800538853,0.6
mid_pre_response,RT_ms,baseline_plus_shuffled_hidden,shuffled_hidden_10,-1.412530644883589,5.1735613412086705,1.412530644883589,0.8
mid_pre_response,RT_ms,baseline_plus_shuffled_hidden,shuffled_hidden_11,-0.7811431077260975,10.583638025325206,0.7811431077260975,0.6
mid_pre_response,RT_ms,baseline_plus_shuffled_hidden,shuffled_hidden_12,-5.264940436484264,2.454725712036593,5.264940436484264,1.0
mid_pre_response,RT_ms,baseline_plus_shuffled_hidden,shuffled_hidden_13,1.361293017001623,11.385377528011627,1.361293017001623,0.8
mid_pre_response,RT_ms,baseline_plus_shuffled_hidden,shuffled_hidden_14,-26.18124405273506,29.703346280889804,26.18124405273506,1.0
mid_pre_response,RT_ms,baseline_plus_shuffled_hidden,shuffled_hidden_15,6.641393507649646,3.544877219070255,6.641393507649646,1.0
mid_pre_response,RT_ms,baseline_plus_shuffled_hidden,shuffled_hidden_16,-1.0362208707469793,1.008204724349428,1.0362208707469793,0.8
mid_pre_response,RT_ms,baseline_plus_shuffled_hidden,shuffled_hidden_17,-6.538462193411386,8.072737933420337,6.538462193411386,0.8
mid_pre_response,RT_ms,baseline_plus_shuffled_hidden,shuffled_hidden_18,3.725097844753436,6.945902266042447,3.725097844753436,0.8
mid_pre_response,RT_ms,baseline_plus_shuffled_hidden,shuffled_hidden_19,9.380685340518701,9.193094179569103,9.380685340518701,1.0
mid_pre_response,RT_ms,baseline_plus_shuffled_hidden,shuffled_hidden_20,-4.644125211324294,2.551935733704814,4.644125211324294,1.0
mid_pre_response,RT_ms,baseline_plus_shuffled_hidden,shuffled_hidden_21,-0.8963192099714832,3.719212536194085,0.8963192099714832,0.6
mid_pre_response,RT_ms,baseline_plus_shuffled_hidden,shuffled_hidden_22,0.6608347398117307,5.020795821563905,0.6608347398117307,0.6
mid_pre_response,RT_ms,baseline_plus_shuffled_hidden,shuffled_hidden_23,5.259930575756448,4.1634463690086525,5.259930575756448,0.8
mid_pre_response,RT_ms,baseline_plus_shuffled_hidden,shuffled_hidden_24,-2.6501788470817615,6.633987040074612,2.6501788470817615,0.8
mid_pre_response,RT_ms,baseline_plus_shuffled_hidden,shuffled_hidden_25,3.901729249649933,7.825385877646609,3.901729249649933,0.8
mid_pre_response,RT_ms,baseline_plus_shuffled_hidden,shuffled_hidden_26,21.981019566841383,33.428741953166494,21.981019566841383,0.8
mid_pre_response,RT_ms,baseline_plus_shuffled_hidden,shuffled_hidden_27,3.84869290766648,3.009263630859767,3.84869290766648,1.0
mid_pre_response,RT_ms,baseline_plus_shuffled_hidden,shuffled_hidden_28,2.421795179455979,1.9744108140961931,2.421795179455979,0.8
mid_pre_response,RT_ms,baseline_plus_shuffled_hidden,shuffled_hidden_29,-7.582192695566462,9.73388713634975,7.582192695566462,1.0
mid_pre_response,RT_ms,baseline_plus_shuffled_hidden,shuffled_hidden_30,4.276497989400801,13.702643885567134,4.276497989400801,0.6
mid_pre_response,RT_ms,baseline_plus_shuffled_hidden,shuffled_hidden_31,6.207197080847746,3.0974116291842906,6.207197080847746,1.0
mid_pre_response,RT_ms,hidden,hidden_00,30.9927321434021,12.167400657623897,30.9927321434021,1.0
mid_pre_response,RT_ms,hidden,hidden_01,-5.761818432807923,3.400377123371802,5.761818432807923,1.0
mid_pre_response,RT_ms,hidden,hidden_02,-1.6021480560302734,10.09963617692837,1.6021480560302734,0.6
mid_pre_response,RT_ms,hidden,hidden_03,90.05607147216797,22.342476925936566,90.05607147216797,1.0
mid_pre_response,RT_ms,hidden,hidden_04,-6.821440529823303,14.370819450728598,6.821440529823303,0.6
mid_pre_response,RT_ms,hidden,hidden_05,-4.8271240234375,4.480396713547342,4.8271240234375,0.8
mid_pre_response,RT_ms,hidden,hidden_06,27.151752853393553,3.7055638230461962,27.151752853393553,1.0
mid_pre_response,RT_ms,hidden,hidden_07,64.03770751953125,10.72866620141512,64.03770751953125,1.0
mid_pre_response,RT_ms,hidden,hidden_08,22.03074207305908,5.3181874473002955,22.03074207305908,1.0
mid_pre_response,RT_ms,hidden,hidden_09,13.431405830383301,5.2273794451223505,13.431405830383301,1.0
mid_pre_response,RT_ms,hidden,hidden_10,5.91531777381897,7.514730913606752,5.91531777381897,0.8
mid_pre_response,RT_ms,hidden,hidden_11,-53.71772003173828,8.251784638500435,53.71772003173828,1.0
mid_pre_response,RT_ms,hidden,hidden_12,40.54902725219726,2.610763995401573,40.54902725219726,1.0
mid_pre_response,RT_ms,hidden,hidden_13,74.36928329467773,22.739291099808472,74.36928329467773,1.0
mid_pre_response,RT_ms,hidden,hidden_14,12.150004863739014,9.538729369121972,12.150004863739014,1.0
mid_pre_response,RT_ms,hidden,hidden_15,-2.586637429893017,2.02986546733839,2.586637429893017,1.0
mid_pre_response,RT_ms,hidden,hidden_16,-32.47122993469238,4.634639982886915,32.47122993469238,1.0
mid_pre_response,RT_ms,hidden,hidden_17,37.25515251159668,9.80194579561302,37.25515251159668,1.0
mid_pre_response,RT_ms,hidden,hidden_18,26.079708576202393,14.657308973637733,26.079708576202393,1.0
mid_pre_response,RT_ms,hidden,hidden_19,16.74338231086731,10.425501576304649,16.74338231086731,0.8
mid_pre_response,RT_ms,hidden,hidden_20,36.57173194885254,5.012013918271587,36.57173194885254,1.0
mid_pre_response,RT_ms,hidden,hidden_21,-8.054603576660156,7.16056751400657,8.054603576660156,0.8
mid_pre_response,RT_ms,hidden,hidden_22,-7.24895923435688,9.678635044939274,7.24895923435688,0.6
mid_pre_response,RT_ms,hidden,hidden_23,13.039149618148803,7.219438740167075,13.039149618148803,1.0
mid_pre_response,RT_ms,hidden,hidden_24,-3.9907472252845766,9.189291993552029,3.9907472252845766,0.6
mid_pre_response,RT_ms,hidden,hidden_25,11.698593854904175,7.308090729587448,11.698593854904175,1.0
mid_pre_response,RT_ms,hidden,hidden_26,61.782229614257815,23.92552836219127,61.782229614257815,1.0
mid_pre_response,RT_ms,hidden,hidden_27,-23.733960151672363,6.277258448655948,23.733960151672363,1.0
mid_pre_response,RT_ms,hidden,hidden_28,2.6609066009521483,6.5648387388628615,2.6609066009521483,0.8
mid_pre_response,RT_ms,hidden,hidden_29,-2.8365174293518067,9.433207107929753,2.8365174293518067,0.6
mid_pre_response,RT_ms,hidden,hidden_30,-29.973956298828124,4.017600783166894,29.973956298828124,1.0
mid_pre_response,RT_ms,hidden,hidden_31,-14.19768304824829,5.217473552445051,14.19768304824829,1.0
mid_pre_response,log_RT_ms,baseline_plus_hidden,hidden_00,-0.008173568887401178,0.01193705945826043,0.008173568887401178,0.6
mid_pre_response,log_RT_ms,baseline_plus_hidden,hidden_01,-0.04178396636303823,0.023299960449694332,0.04178396636303823,1.0
mid_pre_response,log_RT_ms,baseline_plus_hidden,hidden_02,-0.004137349058212265,0.01360257591883552,0.004137349058212265,0.6
mid_pre_response,log_RT_ms,baseline_plus_hidden,hidden_03,0.08507630250632969,0.04607383762804196,0.08507630250632969,1.0
mid_pre_response,log_RT_ms,baseline_plus_hidden,hidden_04,-0.031014017029167056,0.038025866520522,0.031014017029167056,0.8
mid_pre_response,log_RT_ms,baseline_plus_hidden,hidden_05,-0.002374961193568764,0.007666886489404414,0.002374961193568764,0.6
mid_pre_response,log_RT_ms,baseline_plus_hidden,hidden_06,0.04469530849655043,0.025117026248644616,0.04469530849655043,1.0
mid_pre_response,log_RT_ms,baseline_plus_hidden,hidden_07,0.0669608572690911,0.03098464614719317,0.0669608572690911,1.0
mid_pre_response,log_RT_ms,baseline_plus_hidden,hidden_08,0.01640182661542191,0.007753591324212068,0.01640182661542191,1.0
mid_pre_response,log_RT_ms,baseline_plus_hidden,hidden_09,-0.02379802178257437,0.029137336060620318,0.02379802178257437,0.8
mid_pre_response,log_RT_ms,baseline_plus_hidden,hidden_10,-0.030350631685039486,0.02678183750781876,0.030350631685039486,0.8
mid_pre_response,log_RT_ms,baseline_plus_hidden,hidden_11,-0.03677400232557666,0.017549954840895672,0.03677400232557666,1.0
mid_pre_response,log_RT_ms,baseline_plus_hidden,hidden_12,0.027027214571196768,0.005150464058942238,0.027027214571196768,1.0
mid_pre_response,log_RT_ms,baseline_plus_hidden,hidden_13,0.11032184724194427,0.060674161966757546,0.11032184724194427,1.0
mid_pre_response,log_RT_ms,baseline_plus_hidden,hidden_14,0.009962947907386228,0.03677471117748471,0.009962947907386228,0.6
mid_pre_response,log_RT_ms,baseline_plus_hidden,hidden_15,-0.004223161437883696,0.004005929844381837,0.004223161437883696,0.8
mid_pre_response,log_RT_ms,baseline_plus_hidden,hidden_16,-0.02424037106700148,0.011678439361255004,0.02424037106700148,1.0
mid_pre_response,log_RT_ms,baseline_plus_hidden,hidden_17,0.028390474594425973,0.01662568841738509,0.028390474594425973,0.8
mid_pre_response,log_RT_ms,baseline_plus_hidden,hidden_18,0.009780137712696688,0.025220463724209552,0.009780137712696688,0.8
mid_pre_response,log_RT_ms,baseline_plus_hidden,hidden_19,0.00838613569069957,0.007612018650525321,0.00838613569069957,1.0
mid_pre_response,log_RT_ms,baseline_plus_hidden,hidden_20,0.0206311309150311,0.0117756867607961,0.0206311309150311,1.0
mid_pre_response,log_RT_ms,baseline_plus_hidden,hidden_21,0.008058823145918416,0.013839479385761118,0.008058823145918416,0.8
mid_pre_response,log_RT_ms,baseline_plus_hidden,hidden_22,0.003360059786116349,0.015003215968882905,0.003360059786116349,0.6
mid_pre_response,log_RT_ms,baseline_plus_hidden,hidden_23,0.003209802173248966,0.004310838371695789,0.003209802173248966,0.8
mid_pre_response,log_RT_ms,baseline_plus_hidden,hidden_24,-0.0020175345099294113,0.010862128199446118,0.0020175345099294113,0.6
mid_pre_response,log_RT_ms,baseline_plus_hidden,hidden_25,0.012739475638436134,0.011213102642614629,0.012739475638436134,1.0
mid_pre_response,log_RT_ms,baseline_plus_hidden,hidden_26,0.07288179684408179,0.03884789196389994,0.07288179684408179,1.0
mid_pre_response,log_RT_ms,baseline_plus_hidden,hidden_27,-0.020927143440362426,0.016987564892950526,0.020927143440362426,1.0
mid_pre_response,log_RT_ms,baseline_plus_hidden,hidden_28,0.0013058466357091952,0.01774063494899662,0.0013058466357091952,0.6
mid_pre_response,log_RT_ms,baseline_plus_hidden,hidden_29,-0.004178180721057002,0.020660686793954917,0.004178180721057002,0.8
mid_pre_response,log_RT_ms,baseline_plus_hidden,hidden_30,0.006097114773263622,0.019939545757367547,0.006097114773263622,0.6
mid_pre_response,log_RT_ms,baseline_plus_hidden,hidden_31,0.00014079686001818563,0.007693355938218934,0.00014079686001818563,0.6
mid_pre_response,log_RT_ms,baseline_plus_shuffled_hidden,shuffled_hidden_00,-0.00995087185011391,0.01844721703753408,0.00995087185011391,0.8
mid_pre_response,log_RT_ms,baseline_plus_shuffled_hidden,shuffled_hidden_01,-0.009938239337228573,0.010062768199633245,0.009938239337228573,0.8
mid_pre_response,log_RT_ms,baseline_plus_shuffled_hidden,shuffled_hidden_02,-0.004203483893938643,0.013448410314412818,0.004203483893938643,0.6
mid_pre_response,log_RT_ms,baseline_plus_shuffled_hidden,shuffled_hidden_03,-3.958646774645268e-05,0.003353638296732133,3.958646774645268e-05,0.6
mid_pre_response,log_RT_ms,baseline_plus_shuffled_hidden,shuffled_hidden_04,0.013307116471845373,0.03625468752085097,0.013307116471845373,0.8
mid_pre_response,log_RT_ms,baseline_plus_shuffled_hidden,shuffled_hidden_05,0.0018829328549780536,0.00298563846739279,0.0018829328549780536,0.8
mid_pre_response,log_RT_ms,baseline_plus_shuffled_hidden,shuffled_hidden_06,0.01118251728466968,0.03224057640027721,0.01118251728466968,0.6
mid_pre_response,log_RT_ms,baseline_plus_shuffled_hidden,shuffled_hidden_07,0.011088669338471132,0.03412166575389367,0.011088669338471132,0.6
mid_pre_response,log_RT_ms,baseline_plus_shuffled_hidden,shuffled_hidden_08,-0.01321248087772576,0.012090455897325443,0.01321248087772576,1.0
mid_pre_response,log_RT_ms,baseline_plus_shuffled_hidden,shuffled_hidden_09,-0.04752031782384204,0.09971886389482273,0.04752031782384204,0.6
mid_pre_response,log_RT_ms,baseline_plus_shuffled_hidden,shuffled_hidden_10,-0.00882562532984114,0.010211999103467071,0.00882562532984114,1.0
mid_pre_response,log_RT_ms,baseline_plus_shuffled_hidden,shuffled_hidden_11,-0.0005634956230740644,0.012997166087792441,0.0005634956230740644,0.8
mid_pre_response,log_RT_ms,baseline_plus_shuffled_hidden,shuffled_hidden_12,-0.006262004342977743,0.0027508606178753446,0.006262004342977743,1.0
mid_pre_response,log_RT_ms,baseline_plus_shuffled_hidden,shuffled_hidden_13,-0.0035274209027335883,0.01420282595915407,0.0035274209027335883,0.8
mid_pre_response,log_RT_ms,baseline_plus_shuffled_hidden,shuffled_hidden_14,-0.02659005199595276,0.02954684558813473,0.02659005199595276,1.0
mid_pre_response,log_RT_ms,baseline_plus_shuffled_hidden,shuffled_hidden_15,0.007925790145921234,0.004484410249966012,0.007925790145921234,1.0
mid_pre_response,log_RT_ms,baseline_plus_shuffled_hidden,shuffled_hidden_16,-0.0017315598985744509,0.0015802073642827577,0.0017315598985744509,0.8
mid_pre_response,log_RT_ms,baseline_plus_shuffled_hidden,shuffled_hidden_17,-0.008459480812086171,0.008919156365402685,0.008459480812086171,0.8
mid_pre_response,log_RT_ms,baseline_plus_shuffled_hidden,shuffled_hidden_18,0.008951390302776268,0.014525782063091333,0.008951390302776268,1.0
mid_pre_response,log_RT_ms,baseline_plus_shuffled_hidden,shuffled_hidden_19,0.01290507437989144,0.012336708271636982,0.01290507437989144,1.0
mid_pre_response,log_RT_ms,baseline_plus_shuffled_hidden,shuffled_hidden_20,-0.007062265110268487,0.003464487040058499,0.007062265110268487,1.0
mid_pre_response,log_RT_ms,baseline_plus_shuffled_hidden,shuffled_hidden_21,0.0015732266100023414,0.0034528626330503948,0.0015732266100023414,0.6
mid_pre_response,log_RT_ms,baseline_plus_shuffled_hidden,shuffled_hidden_22,0.002329138262473439,0.0036620138806072976,0.002329138262473439,0.8
mid_pre_response,log_RT_ms,baseline_plus_shuffled_hidden,shuffled_hidden_23,0.004940261474266015,0.004376697591833167,0.004940261474266015,0.8
mid_pre_response,log_RT_ms,baseline_plus_shuffled_hidden,shuffled_hidden_24,-0.0029745168646903644,0.006431205246187171,0.0029745168646903644,0.8
mid_pre_response,log_RT_ms,baseline_plus_shuffled_hidden,shuffled_hidden_25,0.003073949121704563,0.008992381406164722,0.003073949121704563,0.8
mid_pre_response,log_RT_ms,baseline_plus_shuffled_hidden,shuffled_hidden_26,0.02587218391694258,0.04500085770014937,0.02587218391694258,0.8
mid_pre_response,log_RT_ms,baseline_plus_shuffled_hidden,shuffled_hidden_27,0.0069098094982730325,0.006329961616893271,0.0069098094982730325,1.0
mid_pre_response,log_RT_ms,baseline_plus_shuffled_hidden,shuffled_hidden_28,0.003992637724108609,0.0033636256300024034,0.003992637724108609,0.8
mid_pre_response,log_RT_ms,baseline_plus_shuffled_hidden,shuffled_hidden_29,-0.005213315364176697,0.014383161145575267,0.005213315364176697,0.8
mid_pre_response,log_RT_ms,baseline_plus_shuffled_hidden,shuffled_hidden_30,0.00026766015394585896,0.011188089702183327,0.00026766015394585896,0.6
mid_pre_response,log_RT_ms,baseline_plus_shuffled_hidden,shuffled_hidden_31,0.007965150320870825,0.004176270008286288,0.007965150320870825,1.0
mid_pre_response,log_RT_ms,hidden,hidden_00,0.014195702224969863,0.018047150529238082,0.014195702224969863,0.8
mid_pre_response,log_RT_ms,hidden,hidden_01,-0.00613293499336578,0.004291623622166206,0.00613293499336578,0.8
mid_pre_response,log_RT_ms,hidden,hidden_02,-0.004299934627488256,0.015269217801599757,0.004299934627488256,0.6
mid_pre_response,log_RT_ms,hidden,hidden_03,0.10313096791505813,0.023142084365819444,0.10313096791505813,1.0
mid_pre_response,log_RT_ms,hidden,hidden_04,-0.015410607447847724,0.014673733863294266,0.015410607447847724,0.8
mid_pre_response,log_RT_ms,hidden,hidden_05,-0.0053872157819569114,0.005856106056291148,0.0053872157819569114,0.8
mid_pre_response,log_RT_ms,hidden,hidden_06,0.05110446065664291,0.010059105088297252,0.05110446065664291,1.0
mid_pre_response,log_RT_ms,hidden,hidden_07,0.07627187743782997,0.012282735901442006,0.07627187743782997,1.0
mid_pre_response,log_RT_ms,hidden,hidden_08,0.026371428929269313,0.007304625802373382,0.026371428929269313,1.0
mid_pre_response,log_RT_ms,hidden,hidden_09,0.014773860387504101,0.006132065750571573,0.014773860387504101,1.0
mid_pre_response,log_RT_ms,hidden,hidden_10,0.001161780022084713,0.007622370170888666,0.001161780022084713,0.6
mid_pre_response,log_RT_ms,hidden,hidden_11,-0.06393759995698929,0.008228135925897065,0.06393759995698929,1.0
mid_pre_response,log_RT_ms,hidden,hidden_12,0.043267718702554706,0.0029655248760162268,0.043267718702554706,1.0
mid_pre_response,log_RT_ms,hidden,hidden_13,0.0977726548910141,0.033770249443397966,0.0977726548910141,1.0
mid_pre_response,log_RT_ms,hidden,hidden_14,0.01571916230604984,0.013034017783530404,0.01571916230604984,1.0
mid_pre_response,log_RT_ms,hidden,hidden_15,-0.0031425373395904898,0.0021956182733129702,0.0031425373395904898,0.8
mid_pre_response,log_RT_ms,hidden,hidden_16,-0.04411879256367683,0.00641190437589653,0.04411879256367683,1.0
mid_pre_response,log_RT_ms,hidden,hidden_17,0.04823145531117916,0.01351506807858651,0.04823145531117916,1.0
mid_pre_response,log_RT_ms,hidden,hidden_18,0.031201698817312717,0.01729896437432575,0.031201698817312717,1.0
mid_pre_response,log_RT_ms,hidden,hidden_19,0.018063330743461847,0.011649531566258,0.018063330743461847,0.8
mid_pre_response,log_RT_ms,hidden,hidden_20,0.044045177102088925,0.006977971698036647,0.044045177102088925,1.0
mid_pre_response,log_RT_ms,hidden,hidden_21,-0.011413826700299978,0.009939576251200647,0.011413826700299978,0.8
mid_pre_response,log_RT_ms,hidden,hidden_22,-0.0110916008008644,0.011881776580682383,0.0110916008008644,1.0
mid_pre_response,log_RT_ms,hidden,hidden_23,0.015312767960131169,0.009756682214610487,0.015312767960131169,1.0
mid_pre_response,log_RT_ms,hidden,hidden_24,-0.0030151231214404104,0.012610084334850256,0.0030151231214404104,0.6
mid_pre_response,log_RT_ms,hidden,hidden_25,0.010455743782222271,0.008762189298529694,0.010455743782222271,0.8
mid_pre_response,log_RT_ms,hidden,hidden_26,0.07444662973284721,0.02801501677337293,0.07444662973284721,1.0
mid_pre_response,log_RT_ms,hidden,hidden_27,-0.02489132098853588,0.008362491537499713,0.02489132098853588,1.0
mid_pre_response,log_RT_ms,hidden,hidden_28,0.003992832871153951,0.008088705643010164,0.003992832871153951,0.8
mid_pre_response,log_RT_ms,hidden,hidden_29,-0.002826370717957616,0.012016435233754398,0.002826370717957616,0.6
mid_pre_response,log_RT_ms,hidden,hidden_30,-0.03144719116389751,0.005581161179387086,0.03144719116389751,1.0
mid_pre_response,log_RT_ms,hidden,hidden_31,-0.01736278962343931,0.0064526665199925925,0.01736278962343931,1.0
